,pls_74_12012022,pls_71_a_12012022,pls_106_13012022,pls_104_13012022,pls_102_13012022,pls_100_13012022,pls_103_14012022,pls_101_REP_14012022,pls_75_13012022,DSS73_REP_190124,DSS76_REP_190124,DSS77_REP_190124,DSST0.7_180124
,DSS_T0,DSS_T0,DSS_T0,DSS_T0,DSS_T0,DSS_T0,DSS_T0,DSS_T0,DSS_T0,DSS_T0,DSS_T0,DSS_T0,DSS_T0
"(2S,3R)-3-[(4E,7E)-Nona-4,7-dienoyl]-N,N-bis(trimethylsilyl)oxirane-2-carboxamide ",15.01632994,15.77119078,19.03232892,,17.65471592,17.50868105,17.10751249,17.41764093,13.13927252,19.91414788,20.48179996,20.07224148,
(6S)-5-Methyltetrahydrofolic acid,,,,,,8.440542694,,,,,10.90329381,,
"(7a-Isopropenyl-4,5-dimethyloctahydroinden-4-yl)methanol",11.4394293,11.4394293,13.82550625,11.69677011,13.69280971,14.52190251,12.73234495,11.30311192,11.54525522,15.77119078,14.18900733,,
"(9H-fluoren-9-yl)methanol, O-methoxycarbonyl-",26.21598525,26.57850484,26.21598525,26.21598525,26.57850484,26.66354645,26.28206297,25.86401083,,25.20498336,26.21598525,,27.43814941
(CH3)2C=NC2H558,17.57743461,17.68490399,17.65471592,17.68490399,18.34933928,18.53473038,18.14386084,17.37332749,17.74600941,17.41764093,17.68490399,17.99882248,19.49088491
(pm)-alpha-Tocopherol acetate,10.80346591,11.54525522,12.47408576,9.797636276,11.08643122,13.77610444,11.12551377,10.33620733,12.30152493,12.92589364,15.80519976,17.02517013,
(pm)-N-Propylamphetamine,,,,18.24546509,23.46547128,23.62466954,,,22.28851522,21.44949396,22.33013675,,
(pm)-Norketamine,29.82120946,28.94512024,28.7290972,28.83578455,28.83578455,29.29145605,28.21775233,28.36661411,29.29145605,28.62219966,29.70267581,29.17613373,29.17613373
(pm)-Phenylpropanolamine,25.61352918,26.28206297,24.97491225,24.10765077,26.28206297,25.92561678,25.42314961,24.37092087,,23.42003078,,22.28851522,26.57850484
"(R*,S*)-2,3-Dihydroxybutanoic acid",8.060700058,,,5.048999298,9.62396472,13.93172834,9.62396472,7.67034095,,,,,
"(S,S)-(-)-Hydrobenzoin",17.81641018,17.17963916,,20.59037001,,,16.36344735,16.46168031,17.34403764,21.47951098,20.81410523,,
"1-(1-Hydroxybutyl)-2,5-dimethoxybenzene ",25.42314961,22.10611082,18.53473038,16.20969358,25.92561678,21.33613041,21.67830159,24.97491225,17.57743461,23.95175876,24.37092087,27.2753631,24.79367398
"1-(2,4-Dimethoxyphenyl)-propan-2-one",21.67830159,22.4575415,22.75549521,19.25964179,22.25749244,22.9850993,22.83610586,22.13350683,21.13405584,,,,
1-(3-Methylphenyl)piperazine,10.93923482,10.46110945,,12.47408576,,,,,9.797636276,,,,17.34403764
1-(4-Hydroxybenzylidene)acetone,,12.92589364,,,,,,,,,,13.58901481,16.06194833
"1-(4-Methoxyphenyl)-4,6-dimethyl-2(1H)-pyrimidinone",17.37332749,17.34403764,17.50868105,12.92589364,17.54931888,17.96651419,17.99882248,17.65471592,16.74172136,18.48286187,18.67552784,19.09202204,18.42909881
1-Aminocyclopropanecarboxylic acid,29.17613373,30.62533777,28.09201408,30.44317623,28.21775233,29.17613373,29.70267581,28.21775233,29.56215162,32.49773563,31.95028341,26.66354645,30.13955608
"1-Butanamine, N,N-diethyl-",22.9850993,23.04500454,22.87131513,22.94755935,23.25570011,23.1393374,22.94755935,22.4575415,23.07526237,22.13350683,22.79402715,22.79402715,24.10765077
"1-Cyclohexanone, 3-butyl-3-methyl-",,12.65703776,,14.52190251,,,,11.76701544,10.99611396,10.71029243,10.46110945,12.30152493,
1-Cyclopentylethanol,16.36344735,15.80519976,16.32186031,14.9654651,16.90563777,,,15.28394562,,16.84566654,16.87569553,17.31738991,18.76457444
"1-Decanol, 2-methyl-",24.97491225,25.51261211,25.51261211,25.08858011,25.80227917,25.42314961,25.3085066,24.43779064,25.51261211,,,,
"1-Decene, 8-methyl-",22.83610586,,21.17688986,18.70216054,19.83089057,22.87131513,,18.92161575,19.49088491,,,13.77610444,
1-Deoxypentitol,,,,,,,,0.969938258,,10.03419313,9.885623795,12.42133566,14.9654651
1-Hexadecanol,20.61673813,21.93652962,20.27254369,19.88101082,21.7176914,21.8965442,20.71110062,19.4621824,21.7176914,,,,
1-Hexanol,,15.09480018,,13.20643397,13.38980102,,13.97601845,,,13.64601031,13.69280971,,
1-Hydroxy-3-methoxy-6-methylanthraquinone,,,,,,,,,,,,14.2091514,16.77457603
"1-Methyl-N,N-bis(trimethylsilyl)-4-[(trimethylsilyl)oxy]-1H-imidazol-2-amine",24.37092087,26.21598525,25.20498336,25.3085066,25.3085066,25.51261211,25.61352918,25.72031399,24.93979482,26.21598525,26.75956946,26.85446065,25.61352918
1-Monoacetin,16.16132504,17.25041562,16.49065823,18.18412677,12.79007292,17.02517013,16.84566654,15.59572191,16.16132504,19.22520227,19.4621824,19.52151627,
1-Octadecanol,20.07224148,22.17010551,20.22010084,20.04338891,20.77572438,21.75108226,21.02928034,,21.53093269,20.10693212,20.85945123,20.39599384,22.402594
"1-Octanol, 2-butyl-",16.20969358,20.07224148,20.42013975,19.83089057,,20.51613099,,19.22520227,20.07224148,17.61674658,17.89181875,17.34403764,21.11201442
1-Octanol,16.87569553,16.93736323,16.93736323,16.56790337,17.74600941,17.65471592,17.25041562,16.90563777,16.77457603,,13.87851901,,20.3216747
"1-Octene, 2-methyl-",20.42013975,20.39599384,20.04338891,19.94432887,20.59037001,20.4493694,19.71653356,19.58840495,20.3216747,,19.09202204,,21.33613041
"1-Pentene, 3,3-dimethyl-",,,,22.25749244,,,,,,22.17010551,21.7176914,21.26300305,
1-Phenethylamine,20.73984365,,21.36714266,19.28595126,20.42013975,20.81410523,20.42013975,21.13405584,21.26300305,22.83610586,22.83610586,22.94755935,
"1-Phenyl-1,2-ethanediol",20.51613099,22.25749244,20.73984365,20.34789494,22.402594,22.35722332,20.85945123,20.07224148,22.35722332,,,,21.57879229
1-Phenylethanol,,14.14657022,,,,,,15.01632994,,12.02659817,,,
"1-Piperazineethanol, 4-dibenzo[b,f][1,4]thiazepin-11-yl-",,,,21.36714266,,,,18.26960458,17.61674658,,,,
"1-Propanamine, N,N-diethyl- ",24.04194282,24.10765077,23.74444185,23.74444185,23.95175876,24.32190706,23.95175876,23.33029411,24.04194282,22.87131513,23.25570011,23.33029411,24.97491225
1-Tetradecanol,21.7176914,21.64473805,22.53624152,22.17010551,22.28851522,20.39599384,21.36714266,21.64473805,21.50730893,22.4575415,,22.90589031,
"1,1'-Biphenyl, 3,4-diethyl-",17.31738991,16.69641936,16.06194833,16.59711905,17.10751249,17.95315091,17.05515249,15.77119078,15.90651467,19.09202204,18.39493255,,20.4493694
"1,2-Benzenedicarboxylic acid",23.80364275,25.20498336,23.04500454,23.66147989,24.97491225,25.08858011,23.74444185,23.20444759,24.97491225,11.89474969,12.13661579,13.72493173,16.03185514
"1,2-Butadiene, 1,1,4-triphenyl-3-trimethylsilyl-4-trimethylsilyloxy-",,,,15.09480018,,,,,,15.59572191,,,
"1,2-Butanediol",,,,,20.10693212,20.48179996,,19.40382164,20.42013975,,19.03232892,,
"1,2-Cyclohexanedicarboxylic acid, dinonyl ester",,,,,,,,,,,,,15.42128805
"1,2-Dimethoxy-4-(1-methoxyethenyl)benzene",13.30049735,12.79007292,14.52190251,11.76701544,15.28394562,16.24220675,16.28398116,12.42133566,10.90329381,,,,
"1,2,2-Trimethyl-1-aza-spiro[2.3]hexane",12.92589364,13.93172834,,13.69280971,17.37332749,14.75014337,15.84345236,14.01239703,13.90228543,,,,
"1,2,3-Butanetriol",,19.22520227,,,,15.23762268,16.90563777,19.28595126,20.04338891,17.92330281,19.11935451,18.04483532,17.81641018
"1,2,3,10,11,11a-Hexahydro-6,7,8-trimethoxy-3-oxo-5H-dibenzo(a,d)cycloheptene",21.64473805,21.23340447,21.33613041,20.51613099,21.02928034,21.67830159,21.23340447,20.9881933,21.80062407,22.58413077,21.93652962,22.75549521,23.37562353
"1,3-bis[(Trimethylsilyl)ethynyl]benzene",19.57129551,19.75823651,18.45298192,21.93652962,18.11245284,18.29534314,19.4621824,18.79127911,19.35824174,14.2641993,,,
"1,3-Cyclohexanebis(methylamine)",,,17.25041562,22.13350683,,,,18.84939743,19.42529113,21.36714266,21.64473805,22.17010551,20.9881933
"1,3-Dioxane-4-methanol, 4,5-dimethyl-",14.56360877,15.90651467,14.41176631,13.58901481,17.05515249,16.77457603,14.9654651,13.50077841,16.06194833,18.57226331,20.42013975,18.79127911,
"1,3,5-Benzetriol",,,,11.96268871,,8.610519735,,,8.312500607,,15.32194875,16.43682881,17.50868105
"1,3,5-Trimethyl-1H-pyrazol-4-amine",11.76701544,10.42054007,11.4394293,10.23485771,8.440542694,12.42133566,11.4394293,10.99611396,11.08643122,10.11781119,10.03419313,12.21574441,
"1,4-Butanediol",7.280859893,,11.96268871,10.15805866,7.442076992,10.60563876,,,7.841057231,11.12551377,10.93923482,,
"1,4-diazabicyclo[4.3.0]nonan-2,5-dione, 3-methyl ",15.15988909,16.28398116,14.2091514,18.73320674,,14.01239703,15.32194875,14.10033979,13.50077841,20.65774951,19.57129551,20.51613099,
"1,4-Dioxaspiro[4.5]decane",25.51261211,,,,,,,25.51261211,,,,,16.84566654
"1,5-Anhydroglucitol",18.42909881,17.89181875,,17.61674658,18.29534314,18.57226331,18.39493255,17.31738991,17.68490399,19.32278164,19.66018227,19.75823651,20.27254369
10-Heptadecenoic acid,16.74172136,16.98686937,16.59711905,13.50077841,16.32186031,17.17963916,17.50868105,15.63866578,16.84566654,18.94881168,19.52151627,18.55292756,18.84939743
10-Nonadecenoic acid,10.33620733,,10.80346591,,9.797636276,11.89474969,,,,14.18900733,14.2091514,14.8251125,
12-Hydroxyoctadecanoic acid,,17.72111281,17.95315091,17.37332749,,18.61532019,18.3243161,17.25041562,17.95315091,20.27254369,20.56757598,,
12-Oxooctadecanoate,13.97601845,13.72493173,9.524675027,13.0725313,15.23762268,14.56360877,,,13.97601845,13.87851901,13.90228543,14.9654651,17.68490399
13-Docosenamide,22.33013675,23.49427922,21.7176914,24.52717287,21.8965442,22.72332085,22.67327129,22.35722332,22.67327129,15.63866578,16.16132504,,
"15-Oxo-11Z,13E-eicosadienoic acid",9.373841988,4.975002396,,10.93923482,8.120446174,,,,10.46110945,13.20643397,13.64601031,15.15988909,17.8388328
"1H-Inden-1-one, 2,3-dihydro-7-hydroxy-3-methyl- ",13.38980102,15.63866578,19.14521329,13.90228543,,17.54931888,17.74600941,13.82550625,15.01632994,,,,
"1H-Indole, 1-(trimethysilyl)-2,5-bis[(trimethylsilyl)oxy]-",,14.8251125,15.59572191,,,,15.90651467,14.30432669,,15.23762268,16.98686937,16.77457603,
"1H-Pyrazole, 3,4-bis(trimethylsilyl)-",,14.01239703,,13.38980102,13.30049735,13.58901481,14.14657022,13.58901481,12.92589364,16.49065823,,,18.61532019
"2-(2,5-Dimethoxy-phenyl)-propionaldehyde",17.34403764,16.03185514,18.84939743,17.25041562,18.53473038,18.67552784,18.11245284,17.68490399,19.11935451,19.38168519,19.38168519,19.94432887,18.67552784
2-(Bis[2-(trimethylsilyl)oxyethyl]amino)acetic acid,19.03232892,19.28595126,18.39493255,18.07980265,19.49088491,19.11935451,20.04338891,18.24546509,17.54931888,,,,21.93652962
"2-(Decanoyloxy)propane-1,3-diyl dioctanoate",,,14.2641993,,,,,11.96268871,14.2091514,,,,
"2-Acetyl-3-(1-methyl-2-pyrrolyl)-1,4-benzenediol",8.717637901,12.97342673,8.440542694,8.158949279,10.11781119,,11.36603994,11.03539527,7.442076992,,,,
2-Acetyl-5-chloro-3-methylbenzo(b)thiophene,,7.729139871,,,,,6.482922169,,,10.93923482,10.99611396,12.97342673,15.23762268
"2-Allyl-1,4-dimethoxybenzene",11.17464253,,,,,,10.93923482,,,17.25041562,17.31738991,17.74600941,17.41764093
2-Amino-4-methylphenol,20.12825677,19.71653356,15.01632994,,20.56757598,20.42013975,21.26300305,18.11245284,20.73984365,,,,
"2-Amino-4,6-dihydroxypyrimidine",14.75014337,16.46168031,,18.14386084,17.07704659,15.15988909,,,,14.9654651,,,
2-Aminoadipic acid,21.02928034,21.60773185,21.13405584,21.23340447,21.30209339,21.40350105,21.60773185,21.23340447,20.12825677,20.39599384,21.23340447,20.56757598,22.49485295
2-Aminobutanoic acid,27.05426917,30.13955608,27.71155154,29.82120946,23.42003078,26.85446065,27.34888594,27.05426917,27.43814941,29.01039053,28.62219966,27.43814941,29.95484878
2-Butenedioic acid,25.20498336,26.75956946,26.66354645,27.86018564,27.2753631,25.20498336,26.49293606,26.66354645,26.15324352,28.36661411,28.36661411,28.21775233,24.59328321
"2-Butenoic acid, 2-[(trimethylsilyl)oxy]-",14.8251125,14.2641993,14.75014337,13.93172834,15.77119078,15.77119078,15.49775303,13.54453767,14.2641993,,,19.91414788,21.23340447
2-Ethyl-3-hydroxypropionic acid,,11.76701544,12.65703776,8.060700058,13.87851901,12.21574441,12.02659817,11.89474969,12.13661579,,,,16.20969358
2-Furoic acid,11.30311192,10.52557169,,11.30311192,,,9.797636276,8.253813679,,,,,17.07704659
"2-Heptanone, 4,6-dimethyl-",,15.23762268,18.82183412,,17.34403764,19.4621824,16.69641936,18.42909881,18.70216054,,,,
2-Heptenoic acid,6.137780903,13.87851901,12.21574441,5.098904124,11.4394293,10.33620733,10.42054007,12.55314513,8.120446174,,17.25041562,,
2-Hexen-1-ol,17.02517013,17.61674658,21.44949396,,18.55292756,20.22010084,18.94881168,19.9716217,17.02517013,19.28595126,19.83089057,19.35824174,19.62777339
"2-Hexenoic acid, 2-[(trimethylsilyl)oxy]-",,4.693259947,8.883221604,,8.158949279,,7.988185873,5.618465335,,,,,
2-Hydroxy-2-methylbutyric acid,,,,,17.28078417,,,,,18.76457444,17.65471592,16.98686937,19.25964179
2-Hydroxy-3-methylbutyric acid,27.86018564,28.47566737,27.99074968,27.34888594,28.09201408,28.21775233,27.71155154,27.57574004,28.09201408,,29.43069106,,31.49849295
2-Hydroxy-5-methoxybenzaldehyde,23.66147989,23.66147989,23.62466954,22.58413077,23.74444185,24.17944439,23.90378592,23.57794782,23.98376459,24.10765077,24.52717287,24.86888752,24.43779064
2-Hydroxybutyric acid,18.92161575,19.35824174,15.80519976,17.79383831,7.988185873,,,17.72111281,,20.01109978,19.62777339,20.48179996,20.95960522
2-Imidazolidinone,16.11237077,,15.49775303,15.90651467,,16.39703374,16.16132504,14.92780413,15.59572191,,,,
2-Isopropyl-5-methyl-1-heptanol ,21.26300305,21.33613041,20.91846626,,21.26300305,21.11201442,21.17688986,20.71110062,21.07281008,,,,
2-Ketoisocaproic acid,,11.08643122,14.14657022,,13.0725313,,13.54453767,13.75466115,12.35409658,13.33683832,13.33683832,13.54453767,
2-Methyl-4-pentenoic acid,11.03539527,10.33620733,11.36603994,8.610519735,12.35409658,12.13661579,10.80346591,8.610519735,9.24468905,13.50077841,14.01239703,14.56360877,17.05515249
2-Methyl-E-7-hexadecene,,3.419428758,,,,,,,,,,,
2-Methylglutaconic acid,18.24546509,17.99882248,17.99882248,20.39599384,19.68840792,18.3243161,19.25964179,18.21162625,18.34933928,18.14386084,18.64628422,19.42529113,21.67830159
2-Naphthol,16.46168031,15.28394562,15.23762268,16.03185514,15.15988909,16.93736323,15.77119078,14.2641993,16.32186031,,16.59711905,16.81665993,18.82183412
2-Oxooctanoic acid,14.41176631,17.37332749,10.15805866,18.92161575,11.17464253,12.47408576,13.58901481,16.39703374,3.977134563,9.62396472,10.52557169,11.54525522,
"2-Pentenedioic acid, 3-methyl-",,,4.975002396,4.141329511,,8.120446174,,,,9.524675027,9.24468905,11.76701544,
2-Pentenoic acid,23.29305796,23.29305796,24.17944439,22.0181925,23.37562353,24.10765077,23.80364275,23.5350077,23.33029411,,,22.33013675,
2-Piperidinone,16.93736323,19.40382164,17.85876892,19.06460892,16.69641936,17.81641018,17.31738991,,18.21162625,22.49485295,24.04194282,,
"2-Propanone, bis(1-methylethyl)hydrazone",18.84939743,18.84939743,18.73320674,18.42909881,19.35824174,19.38168519,19.22520227,18.29534314,18.61532019,,21.57879229,,23.29305796
"2-Propenamide, 3-phenyl-N-2-propenyl-",19.17293769,16.63561972,16.74172136,21.26300305,,,17.37332749,19.06460892,17.48622051,,,21.53093269,
"2-Propenoic acid, 2-[(trimethylsilyl)oxy]-3-[4-[(trimethylsilyl)oxy]phenyl]-",,,10.33620733,6.137780903,10.52557169,9.885623795,,10.03419313,8.158949279,,,,
"2-Propenoic acid, 2,3,3-tris[(trimethylsilyl)oxy]-",,,,,,,,1.852500779,,,9.159555793,,
2-Pyrrolidinone,23.84973455,24.79367398,23.95175876,23.90378592,23.66147989,24.2510983,24.52717287,24.10765077,24.2510983,26.49293606,27.86018564,26.36753398,23.42003078
2-Trimethylsilyloxysebacic acid,,18.14386084,,,,,,13.97601845,,,,,
"2,2-Diallylpyrrolidine",16.59711905,17.28078417,15.98232908,17.57743461,16.39703374,15.28394562,16.20969358,14.9654651,18.26960458,,21.8965442,,
"2,2,4-Trimethyl-1,3-pentanediol diisobutyrate",,7.540372322,7.841057231,,9.159555793,9.797636276,7.841057231,3.977134563,7.280859893,11.4394293,11.30311192,13.30049735,16.11237077
"2,2,8,8-Tetramethyl-3,7-dioxa-4-aza-2,8-disilanon-4-ene",21.47951098,21.67830159,21.60773185,20.77572438,,,,,22.4575415,21.7176914,21.75108226,21.67830159,
"2,2'-Biphenyldiol",28.21775233,28.7290972,27.43814941,29.17613373,28.62219966,29.01039053,28.36661411,27.86018564,28.47566737,33.19613006,29.29145605,,
"2,3-Butanediol",19.14521329,20.4493694,19.11935451,21.17688986,21.84962506,15.90651467,18.42909881,12.65703776,15.23762268,,,19.58840495,
"2,3,4-Trihydroxybutyric acid tetrakis",,,14.66751593,,,,,,,14.66751593,14.92780413,15.77119078,17.10751249
"2,3,4,5-Tetrahydroxypentanoic acid-1,4-lactone",,,,,,,,,,23.49427922,23.84973455,23.98376459,22.35722332
"2,4-Decadienal",16.63561972,16.49065823,16.56790337,,16.74172136,17.14085734,17.2208583,16.49065823,16.81665993,18.11245284,18.73320674,18.42909881,19.83089057
"2,4-Diamino-6,7-dimethylpteridine",17.28078417,17.10751249,17.02517013,16.93736323,17.99882248,17.79383831,17.61674658,16.59711905,17.14085734,17.48622051,17.92330281,18.14386084,19.71653356
"2,4-Imidazolidinedione, 5,5-dimethyl-",9.62396472,9.24468905,9.797636276,11.17464253,14.9654651,,10.71029243,9.715540004,7.988185873,,,,17.65471592
"2,5-Cyclohexadiene-1,4-dione, 2,6-bis(1,1-dimethylethyl)-",18.21162625,18.04483532,17.48622051,,19.52151627,19.52151627,18.67552784,17.2208583,18.24546509,,16.46168031,16.32186031,19.32278164
"2,5-di-tert-Butyl-1,4-benzoquinone",8.440542694,,10.46110945,10.11781119,13.33683832,12.92589364,12.35409658,10.67225141,,16.98686937,17.05515249,,
"2,5-Di-tert-butyl-4-((trimethylsilyl)oxy)phenol",24.17944439,24.97491225,24.86888752,24.59328321,24.86888752,24.79367398,24.97491225,24.52717287,25.3085066,25.15419116,25.42314961,25.3085066,25.51261211
"2,5-Di-tert-butylhydroquinone",18.39493255,17.74600941,18.14386084,17.14085734,17.72111281,17.8388328,18.07980265,17.28078417,17.10751249,,,,14.52190251
"2,5-Dimethoxy-4-(n)-propylphenethylamine",,,,,,,,,20.22010084,,19.40382164,,
"2,5-Dimethoxy-4-methylamphetamine",30.03740544,30.29223388,30.44317623,29.43069106,30.29223388,30.62533777,29.95484878,29.95484878,30.03740544,28.94512024,29.17613373,29.56215162,29.82120946
"2,5-Dimethoxybenzhydrazide",22.10611082,22.94755935,23.49427922,18.3243161,22.75549521,23.29305796,22.9850993,22.53624152,21.67830159,23.1393374,23.70462984,23.49427922,22.58413077
"2,5-Dimethoxybenzonitrile",18.26960458,21.11201442,21.02928034,17.2208583,20.85945123,20.77572438,21.07281008,20.59037001,20.10693212,20.95960522,20.51613099,20.73984365,
"2,5-Dimethoxymandelic acid",9.715540004,9.715540004,11.30311192,3.499401693,12.13661579,11.96268871,11.89474969,10.93923482,9.715540004,9.159555793,9.373841988,11.69677011,14.56360877
"2,5-Dimethoxyphenol",23.98376459,24.17944439,24.79367398,21.53093269,24.2510983,24.65154119,24.72003408,24.17944439,23.80364275,24.32190706,24.79367398,24.72003408,24.86888752
"2,5-Dimethyl-1-aza-bicyclo[2.2.1]heptane",12.79007292,20.56757598,20.12825677,10.71029243,20.95960522,18.84939743,20.39599384,21.33613041,16.56790337,16.59711905,16.28398116,,
"2,5-Piperazinedione, 3-(phenylmethyl)-",,,,22.35722332,,,,,,,,,25.08858011
"2,5-Piperazinedione, 3-benzyl-6-isopropyl-",,,,2.76793541,,,,,,,,,
"2,5-Piperazinedione, 3-methyl-6-(phenylmethyl)-",,,,18.57226331,,,,,,23.70462984,19.68840792,23.25570011,
"2,6-Bis[2-[2-S-thiosulfuroethylamino]ethoxy]pyrazine",3.271239523,1.852500779,4.582679869,,6.137780903,6.893875242,,,,9.885623795,9.715540004,,
"2,6-Dimethoxybenzylamine",17.65471592,20.85945123,14.30432669,21.02928034,20.04338891,17.72111281,20.22010084,18.89446986,15.32194875,,,,
"2,6-Dimethoxyhydroquinone",16.32186031,16.56790337,17.28078417,12.73234495,17.02517013,17.37332749,17.48622051,16.74172136,15.98232908,18.39493255,18.45298192,18.67552784,18.24546509
"2,6-Dimethyl-N-[3-(trimethylsilyl)-1,3-thiazinan-2-ylidene]aniline",13.58901481,6.22010192,17.37332749,17.99882248,18.64628422,15.84345236,10.03419313,15.80519976,18.94881168,17.95315091,17.48622051,18.34933928,19.66018227
"2,6,10-Trimethyltridecane",21.98150385,,,,,,18.26960458,20.91846626,,,,,
2'-Deoxyribolactone,3.499401693,,16.36344735,14.92780413,,,18.99912706,,6.482922169,21.84962506,21.80062407,21.57879229,
"2',2,3,6'-Tetramethoxychalcone",22.63210054,22.87131513,23.70462984,20.61673813,23.29305796,23.90378592,23.1393374,22.25749244,22.90589031,,,,24.17944439
3-(2-Hydroxyethyl)imidazole-2-thione,16.90563777,13.82550625,15.84345236,15.63866578,16.59711905,16.74172136,17.28078417,15.09480018,16.03185514,11.69677011,11.76701544,13.44670942,17.95315091
"3-(3-Cyclohexylaminopropionylamino)-5-ethylthiophene-2-carboxylic acid, ethyl ester",22.4575415,23.62466954,19.38168519,25.86401083,20.51613099,20.61673813,22.07154533,,22.63210054,24.97491225,24.65154119,25.80227917,26.85446065
3-Amino-2-piperidone,19.68840792,20.59037001,20.01109978,23.62466954,18.99912706,18.76457444,18.84939743,21.11201442,21.8965442,25.51261211,25.15419116,24.97491225,21.80062407
3-Amino-5-morpholinomethyl-2-oxazolidinone,,,21.8965442,,21.98150385,20.91846626,,,,19.57129551,19.42529113,20.4493694,22.75549521
3-Aminobenzoic acid,23.42003078,24.2510983,23.25570011,20.3216747,23.49427922,23.98376459,23.57794782,23.49427922,23.29305796,23.33029411,23.90378592,24.10765077,27.05426917
3-Aminobutanoic acid,,19.9716217,,21.80062407,,,,,,17.85876892,18.61532019,18.82183412,21.36714266
"3-Buten-2-one, 3-trimethylsilyloxy-",22.13350683,22.07154533,21.57879229,20.81410523,21.36714266,22.22589271,21.44949396,21.50730893,22.13350683,21.11201442,21.98150385,21.50730893,23.20444759
"3-Buten-2-one, 4-(4-methoxyphenyl)-",22.25749244,21.98150385,23.20444759,19.22520227,22.4575415,22.58413077,22.58413077,22.58413077,22.53624152,23.57794782,23.57794782,23.90378592,19.88101082
"3-Cyclohexyl-L-alanine amide, N,N,N'N'-tetramethyl-",29.01039053,30.44317623,28.21775233,30.62533777,27.86018564,28.09201408,28.09201408,30.03740544,29.17613373,31.95028341,31.81207437,31.95028341,28.94512024
3-Ethylphenol,15.63866578,14.41176631,16.11237077,13.33683832,16.11237077,15.98232908,14.56360877,13.30049735,17.2208583,,16.20969358,,
3-Hexenedinitrile,16.43682881,17.31738991,18.79127911,16.84566654,19.42529113,19.42529113,17.14085734,17.92330281,15.80519976,18.53473038,18.87681626,19.32278164,20.91846626
"3-Hydroxy-2,3-dihydromaltol",,10.15805866,,17.48622051,,9.62396472,12.84947271,8.717637901,,16.63561972,16.43682881,17.05515249,16.24220675
3-Hydroxybutyric acid,26.95340705,27.43814941,26.95340705,28.09201408,28.36661411,27.2753631,27.43814941,27.2753631,26.95340705,27.71155154,27.99074968,28.47566737,28.36661411
3-Hydroxyisovaleric acid,12.21574441,12.13661579,11.89474969,8.717637901,13.0376652,12.79007292,12.47408576,10.60563876,11.69677011,11.36603994,11.12551377,,15.63866578
3-Indoleacetic acid,,12.47408576,12.42133566,16.39703374,,,13.69280971,14.56360877,14.52190251,,,,
3-Indolepropionic acid,13.72493173,10.23485771,9.715540004,15.80519976,12.30152493,11.69677011,12.42133566,14.8251125,12.42133566,,,,
"3-Methoxyamphetamine, 4-Trimethylsilyloxy, N,N-bis(Trimethylsilyloxy)-",27.71155154,28.21775233,26.49293606,28.62219966,27.16652458,27.99074968,27.99074968,27.99074968,27.99074968,,,,
3-Methoxysalicylic acid,26.04413505,,26.85446065,23.29305796,23.80364275,25.80227917,,26.57850484,25.72031399,,,,19.91414788
"3-Methyl-1-(tetrahydropyrrolo[1,2-c]oxazol-3-ylidene)-butan-2-one",18.53473038,20.04338891,16.90563777,21.67830159,17.25041562,16.87569553,18.53473038,20.22010084,18.99912706,19.75823651,19.32278164,19.03232892,
3-Methyl-2-butanol,15.28394562,,13.50077841,13.77610444,14.66751593,16.20969358,,8.120446174,14.92780413,,,18.21162625,19.28595126
"3-Methyl-2-butenoic acid, tridec-2-ynyl ester",21.57879229,23.20444759,,21.98150385,22.9850993,22.67327129,23.84973455,22.90589031,22.72332085,,,,24.32190706
3-Methyladenine,9.797636276,10.71029243,10.03419313,10.52557169,,10.67225141,9.885623795,10.15805866,6.22010192,12.35409658,12.02659817,,
"3-Methylpiperazine-2,5-dione, (R)-",16.77457603,19.42529113,17.17963916,20.91846626,16.28398116,16.46168031,16.81665993,19.14521329,17.41764093,22.79402715,23.20444759,22.42689577,
3-Methylvaleric acid,14.92780413,14.18900733,13.87851901,,13.97601845,13.90228543,15.01632994,11.12551377,15.09480018,11.17464253,10.42054007,13.20643397,
3-Nonen-1-ol,,21.80062407,21.98150385,,,21.80062407,,21.36714266,22.0181925,23.5350077,24.43779064,,
3-Ureidopropionic acid,,,4.693259947,,6.893875242,,,,,9.373841988,9.524675027,12.02659817,14.92780413
"3,4-Dihydrocoumarin, 4,4-dimethyl-6-dimethylamino-",20.9881933,21.40350105,21.75108226,18.26960458,20.9881933,22.0181925,21.8965442,21.67830159,20.85945123,22.25749244,22.4575415,22.53624152,21.30209339
"3,4-Dihydroxymandelic acid, ethyl ester",,12.84947271,,,,,,,,,,,
"3,4-dimethyl-5-(3,4-methylenedioxy)phenyloxazolidine",,,,24.2510983,26.95340705,,,,,21.50730893,22.07154533,21.75108226,22.42689577
"3,4,5-Trihydroxypentanoic acid, tetrakis(trimethylsilyl)-",5.048999298,,7.988185873,,,7.729139871,6.893875242,5.048999298,,,10.15805866,12.47408576,14.75014337
"3,5-Di-tert-butyl-2-trimethylsilyloxybenzaldehyde",14.2091514,,13.69280971,14.41176631,14.47479129,13.87851901,,,16.46168031,17.79383831,17.96651419,,
"3,5-di-tert-Butyl-4-hydroxyacetophenone",17.41764093,20.12825677,,16.98686937,17.17963916,16.98686937,,,16.11237077,,17.2208583,,19.17293769
"3,5-Dimethyl-1,4-diallylpyrazole",21.84962506,21.75108226,20.9881933,22.49485295,22.0181925,22.17010551,21.7176914,20.4493694,22.10611082,,,,18.21162625
"3,5-Dimethylpyrazole",14.18900733,13.69280971,14.10033979,,15.42128805,15.42128805,,12.84947271,13.93172834,17.81641018,,18.11245284,
3'-(Trimethylsilyl)oxy-beta-naphthoflavone,16.06194833,15.01632994,,,13.13927252,13.54453767,,14.52190251,14.47479129,17.65471592,,18.73320674,20.04338891
3'-Hydroxyacetophenone,11.89474969,13.64601031,10.60563876,6.482922169,10.90329381,12.84947271,10.52557169,9.797636276,10.33620733,15.09480018,16.63561972,15.42128805,17.54931888
"3beta-TRIMETHYLSILOXY-5alpha,6alpha-EPOXYCHOLESTANE",3.833816876,5.098904124,7.67034095,,7.540372322,8.060700058,7.12125201,5.098904124,2.504906149,10.90329381,12.42133566,12.84947271,15.15988909
"3beta,4beta-Bis(trimethylsiloxy)cholest-5-ene",3.977134563,3.271239523,5.618465335,0.789448905,7.280859893,7.540372322,6.22010192,2.76793541,2.76793541,10.80346591,11.17464253,12.92589364,15.80519976
4-(Methoxycarbonyl)phenol,17.05515249,13.0725313,15.15988909,15.49775303,18.18412677,17.07704659,17.41764093,16.28398116,15.63866578,14.52190251,13.50077841,13.97601845,18.53473038
"4-(tert-Butylamino)-6-ethylamino-5H-1,3,5-triazin-2-one",11.08643122,10.99611396,8.060700058,3.977134563,11.30311192,13.0725313,11.17464253,7.841057231,8.363271461,16.43682881,12.84947271,,
4-(Trimethylsilyoxy)-3-penten-2-one,20.85945123,21.84962506,21.40350105,20.18368625,21.44949396,21.93652962,21.93652962,21.44949396,21.57879229,21.40350105,22.17010551,21.8965442,22.22589271
"4-[2-(4,7-Dimethoxy-2H-1,3-benzodioxol-5-yl)ethenyl]-2-methoxyphenol",19.88101082,17.96651419,19.35824174,17.96651419,19.88101082,19.94432887,19.49088491,18.45298192,19.09202204,,,,
4-Cumylphenol,,,12.84947271,14.10033979,,,12.92589364,12.21574441,12.65703776,,,16.49065823,18.34933928
"4-Fluoroaniline, N-trimethylsilyl-",22.49485295,22.72332085,22.79402715,21.47951098,22.35722332,22.402594,22.33013675,22.402594,22.58413077,23.04500454,23.42003078,23.20444759,23.98376459
4-Hydroxy-5-(hydroxymethyl)oxolan-2-one,,,,22.28851522,22.22589271,,,,,20.12825677,18.21162625,20.91846626,21.60773185
4-Hydroxybenzaldehyde,19.42529113,19.88101082,19.91414788,19.49088491,19.62777339,19.58840495,20.3216747,20.10693212,19.57129551,22.33013675,22.53624152,22.35722332,21.07281008
4-Hydroxybenzeneacetic acid,,,,12.13661579,,,,,,16.20969358,16.11237077,15.98232908,16.74172136
4-Hydroxybenzoic acid,22.90589031,23.70462984,22.90589031,23.37562353,25.42314961,23.66147989,23.66147989,23.62466954,23.25570011,25.3085066,26.04413505,25.42314961,22.53624152
4-Hydroxybutanoic acid,18.82183412,18.76457444,19.49088491,19.38168519,21.75108226,19.62777339,20.61673813,20.18368625,19.14521329,21.30209339,20.9881933,21.17688986,
4-Hydroxyphenyllactic acid,17.99882248,17.48622051,17.54931888,17.89181875,18.14386084,16.28398116,18.29534314,18.34933928,17.96651419,19.19715726,,19.28595126,19.68840792
4-Methoxyphenol,20.59037001,20.71110062,20.34789494,20.07224148,20.71110062,20.56757598,20.73984365,19.94432887,20.4493694,21.02928034,21.60773185,21.64473805,22.72332085
"4-Methylethcathinone, N-acetyl-",19.62777339,18.99912706,17.96651419,19.68840792,18.04483532,17.2208583,18.76457444,16.24220675,16.39703374,,,,
4-Methylvaleric acid,15.98232908,16.81665993,17.72111281,16.36344735,18.45298192,16.84566654,17.68490399,18.04483532,18.67552784,17.8388328,18.24546509,18.70216054,19.94432887
4-Pyridinol,29.29145605,29.82120946,31.13754935,27.43814941,29.95484878,30.44317623,30.03740544,30.29223388,28.83578455,29.29145605,30.13955608,30.03740544,30.03740544
"4,4,5,8-Tetramethyl-chroman-2-one",15.90651467,14.75014337,,16.90563777,15.63866578,16.06194833,14.8251125,,15.49775303,,,,
5-(2-Aminopropyl)-2-methylphenol,31.49849295,31.81207437,32.32461973,29.70267581,31.13754935,32.49773563,31.81207437,31.95028341,31.33980512,29.56215162,31.49849295,29.82120946,
5-Aminovaleric acid,,,,,,,,,,25.72031399,26.49293606,25.61352918,
"5-Androsten-17alpha-methyl-3beta,17beta-diol",,,8.253813679,,19.94432887,,10.23485771,6.22010192,5.740120977,13.54453767,12.35409658,13.50077841,21.75108226
"5-Cholesten-3beta, 7alpha-bis[(trimethylsilyl)oxy]- ",20.22010084,24.37092087,22.13350683,19.75823651,21.33613041,21.23340447,21.50730893,23.80364275,20.48179996,21.75108226,25.20498336,20.85945123,23.04500454
5-Ethyluracil,,13.97601845,,18.97831551,,,,13.87851901,13.77610444,,,16.69641936,
5-Henicosylresorcinol,10.46110945,,,8.440542694,,10.80346591,,,8.610519735,9.24468905,,,15.01632994
5-Hydroxy-L-tryptophan,22.58413077,23.25570011,22.07154533,22.75549521,22.67327129,23.04500454,23.49427922,23.29305796,23.04500454,25.80227917,25.92561678,24.2510983,
5-Hydroxyquinoline,19.11935451,20.18368625,18.94881168,16.63561972,18.92161575,19.71653356,19.62777339,18.64628422,19.75823651,21.26300305,22.9850993,21.80062407,
5-Hydroxytryptophan,12.84947271,17.2208583,18.3243161,15.32194875,,16.32186031,16.74172136,,13.72493173,16.93736323,17.17963916,17.28078417,18.87681626
5-Methyluridine,22.67327129,,23.1393374,24.32190706,23.5350077,,23.25570011,23.70462984,23.70462984,,,,
"5,10-Diethoxy-2,3,7,8-tetrahydro-1H,6H-dipyrrolo[1,2-a:1',2'-d]pyrazine ",15.77119078,10.90329381,,17.81641018,11.36603994,11.4394293,13.0376652,,12.47408576,18.84939743,18.14386084,18.57226331,
"5,6-Dihydro-5-methyluracil",,18.11245284,18.04483532,20.65774951,16.56790337,,16.98686937,,18.18412677,,,,
"5,6-Dimethyl-4-phenyl-3-cyanopyridine-2(1H)-thione",19.32278164,19.62777339,,,19.11935451,,,,,,13.97601845,14.14657022,
"5alpha-Pregnane-3,20-dione",,,19.32278164,,19.57129551,,19.09202204,20.34789494,,20.56757598,20.07224148,19.83089057,
6-Hydroxyflavone-beta-D-glucoside,20.48179996,,21.07281008,16.69641936,,21.07281008,,21.53093269,,21.60773185,21.02928034,21.84962506,
6-Hydroxyflavone,,,,,,,,,34.20197596,,,,
"6-Methoxy-1-methyl-1,2,3,4-tetrahydroisoquinolin-7-ol ",20.18368625,20.61673813,20.61673813,20.4493694,20.4493694,20.59037001,,19.57129551,,23.25570011,22.0181925,22.87131513,
"6,7,4'-Trihydroxyisoflavone",12.42133566,15.15988909,,10.99611396,14.10033979,13.50077841,,,,15.98232908,16.03185514,16.24220675,16.32186031
"6,8-Dioxapentadecane",13.93172834,16.77457603,,,17.61674658,17.68490399,14.66751593,,17.07704659,18.26960458,,18.87681626,19.75823651
"7-(Trimethylsilyl)-2,6-bis[(trimethylsilyl)oxy]-7H-purine",,10.67225141,,,19.4621824,,,,,,,20.81410523,
7-(Trimethylsilyl)amino-4-methylcoumarin,8.312500607,,6.22010192,15.01632994,,,,7.12125201,4.141329511,16.24220675,16.90563777,16.56790337,
"7-Acetyl-6-ethyl-1,1,4,4-tetramethyltetralin ",20.10693212,20.77572438,16.43682881,18.84939743,17.41764093,20.12825677,19.40382164,18.55292756,18.11245284,17.34403764,17.41764093,17.54931888,18.97831551
"7-Isoquinolinol, 1,2,3,4-tetrahydro-1-[(4-hydroxyphenyl)methyl]-6-methoxy-",25.3085066,26.04413505,25.15419116,24.72003408,26.66354645,26.57850484,26.95340705,26.49293606,26.04413505,26.57850484,27.57574004,27.05426917,25.72031399
"7-Keto-3alpha,12-alpha-dihydroxycholanic acid",,,,,14.30432669,,,20.42013975,14.10033979,,,17.8388328,19.42529113
"7,9-Di-tert-butyl-1-oxaspiro(4,5)deca-6,9-diene-2,8-dione",24.32190706,24.52717287,24.04194282,24.17944439,24.72003408,24.59328321,24.59328321,23.90378592,24.43779064,25.86401083,26.28206297,25.08858011,25.86401083
8-Heptadecene,,13.50077841,13.75466115,,14.92780413,,11.76701544,9.159555793,,,11.36603994,,
8-Hydroxy-5-(hydroxymethyl)quinoline,27.34888594,27.99074968,,27.2753631,29.43069106,29.82120946,28.7290972,29.29145605,27.16652458,29.95484878,,32.49773563,
9-Hexadecenoic acid,21.60773185,21.13405584,24.52717287,19.42529113,,,24.43779064,23.84973455,19.06460892,22.22589271,22.87131513,,24.65154119
9-Octadecenamide,21.75108226,23.57794782,22.83610586,23.07526237,22.63210054,23.5350077,22.75549521,22.9850993,24.65154119,,16.77457603,,
9-Octadecenoic acid,3.419428758,,,,,,5.740120977,,,8.717637901,8.883221604,11.4394293,14.41176631
"9,12-Octadecadienoic acid",23.57794782,23.90378592,23.80364275,22.9850993,23.07526237,22.90589031,22.4575415,22.79402715,23.66147989,23.74444185,20.71110062,24.17944439,20.65774951
"9(E),11(E)-Conjugated linoleic acid",,8.662788628,,9.885623795,11.03539527,,,10.11781119,,,,,
"9H-Fluorene, 9-methylene-",13.69280971,13.38980102,,12.30152493,13.20643397,15.59572191,13.33683832,11.36603994,11.36603994,,,11.36603994,
9H-Purin-6-ol,,14.2091514,15.63866578,,,13.44670942,,12.47408576,,17.07704659,16.69641936,17.07704659,
"9H-Purine, 9-(trimethylsilyl)-2,6,8-tris[(trimethylsilyl)oxy]-",,,,9.524675027,,16.03185514,15.23762268,16.98686937,,16.90563777,14.14657022,,17.92330281
"Acetamide, 2,2,2-trifluoro-",21.07281008,22.402594,,,,,,,,18.61532019,19.06460892,19.19715726,21.50730893
"Acetamide, N,N-diethyl-",21.13405584,21.36714266,19.19715726,21.44949396,22.13350683,21.50730893,20.51613099,21.47951098,21.60773185,20.77572438,21.36714266,21.36714266,23.07526237
"Acetic acid, bis[(trimethylsilyl)oxyl]-",20.95960522,22.9850993,22.58413077,20.22010084,23.84973455,22.13350683,22.28851522,22.72332085,21.64473805,19.40382164,17.99882248,19.11935451,
"Acetin, bis-1,3-trimethylsilyl ether",8.158949279,6.482922169,8.221364815,5.740120977,6.482922169,,5.618465335,6.893875242,1.852500779,,,,
Acetoacetic acid,18.87681626,20.01109978,18.70216054,18.55292756,19.40382164,18.94881168,20.01109978,18.3243161,18.92161575,21.53093269,21.53093269,22.10611082,19.58840495
"Acetohydrazide, 2-(2-isopropyl-5-methylphenoxy)-N2-benzylideno-",15.49775303,,,14.30432669,,16.59711905,,,,,,,18.26960458
Aceturic acid,7.841057231,8.312500607,13.44670942,,11.54525522,9.715540004,8.573010749,8.312500607,10.23485771,16.69641936,16.93736323,16.74172136,
Aconitic acid,10.52557169,,,,13.82550625,,,,,,,,
Adipoyl-L-carnitine,18.67552784,19.11935451,19.62777339,16.49065823,19.91414788,19.35824174,20.27254369,20.04338891,18.57226331,9.797636276,9.797636276,,
Albizziin,24.93979482,25.42314961,25.42314961,23.49427922,23.90378592,24.97491225,24.93979482,25.61352918,24.32190706,26.36753398,,,27.57574004
Alloxanic acid,21.44949396,,20.81410523,23.46547128,21.80062407,22.28851522,,,23.5350077,,,23.84973455,24.2510983
Allylescaline ,24.65154119,25.3085066,23.84973455,25.61352918,24.65154119,24.93979482,25.08858011,24.2510983,24.17944439,,24.10765077,25.51261211,26.36753398
alpha-D-Mannopyranose,,,,,,,,,,,,,27.86018564
"alpha-L-Galactopyranoside, methyl 6-deoxy-, (R,R,R,S,S)-",16.84566654,16.32186031,17.92330281,15.98232908,13.50077841,17.89181875,17.95315091,17.89181875,17.92330281,,,,21.26300305
alpha-Linolenic acid,12.97342673,11.96268871,13.90228543,4.582679869,12.92589364,,14.2641993,12.30152493,13.33683832,,,,
alpha-Tocopherol,10.23485771,5.740120977,11.17464253,14.14657022,11.69677011,12.35409658,12.65703776,6.482922169,9.62396472,13.0376652,11.89474969,14.2641993,17.31738991
Ammeline,28.7290972,30.03740544,32.87699287,28.21775233,32.87699287,32.87699287,,32.49773563,,30.29223388,33.19613006,,
"androst1-2,4,6,16-tetraene-3,6,17-triol",,,,,12.47408576,,,,,,,,
Arabinaric acid,7.442076992,,,,,,,2.504906149,4.975002396,12.79007292,12.79007292,13.64601031,
"Arabinofuranose, 1,2,3,5-tetrakis-O-",19.4621824,19.19715726,19.22520227,19.11935451,19.17293769,19.57129551,19.68840792,,19.58840495,21.07281008,20.95960522,19.25964179,22.13350683
"Arabinonic acid, 2,3,5-tris-O-(trimethylsilyl)-, gamma-lactone",,4.141329511,,,,8.221364815,,,,,,,
Arachidonic acid,16.03185514,16.16132504,,14.2091514,15.59572191,16.63561972,,13.90228543,,10.67225141,10.60563876,16.63561972,16.49065823
Arsenous acid,,,11.08643122,,,,,9.885623795,12.79007292,12.73234495,14.66751593,18.39493255,
Aspartic acid,28.94512024,29.29145605,28.62219966,29.29145605,29.01039053,28.94512024,29.17613373,28.7290972,28.62219966,,,,
Atrazine desethyl,,19.32278164,,22.63210054,,,,18.14386084,17.65471592,16.39703374,15.84345236,16.36344735,15.49775303
Azatadine,13.0376652,12.55314513,,10.60563876,,13.20643397,,,,10.23485771,,12.13661579,
"Azetidine, 1-acetyl-2-methyl-",30.62533777,31.33980512,30.13955608,30.03740544,30.13955608,31.33980512,29.43069106,30.44317623,30.62533777,31.13754935,30.62533777,,34.70007679
"Aziridine, 1-(2-buten-2-yl)-",23.37562353,24.59328321,22.49485295,26.28206297,21.17688986,21.84962506,22.72332085,23.98376459,23.62466954,,,,
"Benzaldehyde, 2,5-dimethyl-",15.32194875,15.59572191,13.38980102,10.80346591,14.8251125,12.97342673,14.04033332,14.75014337,13.44670942,17.28078417,17.54931888,17.89181875,17.61674658
"Benzene, 1-acetoxy-2,6-dimethoxy-4-(2-propenyl)-",,,,,,,,,,14.14657022,15.49775303,,
"Benzene, 1,1'-(1,2-cyclobutanediyl)bis-",19.40382164,19.52151627,,18.87681626,,19.83089057,18.82183412,17.48622051,18.07980265,18.42909881,17.10751249,17.17963916,19.9716217
"Benzene, 1,3-bis(1,1-dimethylethyl)-",,,,,,,,,16.69641936,,20.18368625,,22.0181925
"Benzene, 3-cyclohexen-1-yl-",17.14085734,16.39703374,16.20969358,15.15988909,16.20969358,17.34403764,15.59572191,15.49775303,16.93736323,13.97601845,14.2641993,14.41176631,
"Benzene, 4-ethenyl-1,2-dimethoxy-",9.885623795,8.253813679,10.71029243,7.12125201,10.80346591,11.08643122,10.11781119,11.17464253,9.524675027,13.75466115,13.0376652,,16.56790337
Benzeneacetamide,,,,,,18.99912706,19.35824174,19.42529113,,19.83089057,20.10693212,19.17293769,
Benzeneacetic acid,13.54453767,14.66751593,13.58901481,12.65703776,15.32194875,10.15805866,14.52190251,13.44670942,14.18900733,18.3243161,18.57226331,17.81641018,18.11245284
"Benzeneethanamine, N-[(pentafluorophenyl)methylene]-4-[(trimethylsilyl)oxy]-",20.04338891,,,24.86888752,,,17.85876892,17.61674658,20.9881933,23.84973455,23.5350077,22.0181925,
"Benzenemethanamine, 2,3-dimethoxy-",,,,,,15.49775303,,13.38980102,,10.99611396,11.08643122,,
"Benzenepropanoic acid, 3,5-bis(1,1-dimethylethyl)-4-hydroxy-",20.77572438,21.26300305,20.77572438,20.9881933,21.64473805,21.02928034,21.11201442,20.95960522,20.61673813,20.9881933,21.11201442,,
Benzenepropanoic acid,19.9716217,20.10693212,21.53093269,,23.70462984,20.85945123,22.42689577,22.42689577,20.51613099,17.31738991,17.79383831,18.45298192,
"Benzimidazole, 5-trifluoromethyl-2-methyl-",15.42128805,13.75466115,13.93172834,14.56360877,16.24220675,16.16132504,15.15988909,13.20643397,14.9654651,15.32194875,15.59572191,16.59711905,18.55292756
"Benzo[b]fluorene, 5-amino-7-methyl-1,2,3,4,6,7,8,9-octahydro-11-thia-10-aza-",5.740120977,7.988185873,,,8.060700058,8.253813679,9.159555793,8.573010749,6.893875242,10.42054007,10.71029243,12.35409658,
"Benzoic acid, methyl ester",18.70216054,18.34933928,18.42909881,17.95315091,19.06460892,18.97831551,18.89446986,18.18412677,18.42909881,18.04483532,20.73984365,20.04338891,20.71110062
"Benzoic acid, pentadecyl ester",12.02659817,14.92780413,13.33683832,12.55314513,16.16132504,16.11237077,13.20643397,,15.15988909,16.03185514,15.90651467,16.46168031,18.39493255
Benzoic Acid,17.96651419,18.48286187,17.79383831,17.34403764,18.82183412,18.89446986,18.18412677,17.54931888,19.22520227,17.50868105,17.95315091,18.29534314,22.67327129
Benzoin,,,,18.48286187,,,,,,17.10751249,,,
Benzophenone,11.36603994,11.03539527,10.90329381,13.54453767,14.2091514,15.09480018,14.30432669,12.13661579,10.42054007,14.92780413,15.23762268,15.63866578,17.89181875
Benzyl alcohol,23.25570011,23.46547128,22.94755935,23.42003078,22.90589031,23.33029411,23.04500454,22.75549521,23.37562353,22.07154533,22.90589031,22.67327129,23.70462984
"beta-d-Fructopyranose, 1-deoxy-1-(4-morpholinyl)-2,3,4,5-tetrakis-O-(trimethylsilyl)-",17.50868105,17.81641018,19.75823651,11.54525522,17.79383831,,19.28595126,19.91414788,17.72111281,20.3216747,,20.95960522,
"beta-D-Galactofuranose, 1,2,3,5,6-pentakis-O-(trimethylsilyl)-",7.12125201,,7.540372322,6.893875242,10.03419313,,7.280859893,3.271239523,8.221364815,,,,17.28078417
beta-D-Glucopyranose,29.43069106,29.01039053,31.33980512,,,28.7290972,29.56215162,29.70267581,29.43069106,,,,25.92561678
beta-Hydroxypyruvic acid,12.30152493,11.36603994,7.280859893,8.662788628,10.33620733,8.662788628,13.30049735,10.52557169,13.58901481,,,,
beta-Lyxopyranose,,,,,15.90651467,,9.715540004,,,,13.13927252,,19.06460892
beta-Methylphenethylamine,13.20643397,13.20643397,12.13661579,14.04033332,16.87569553,,17.02517013,12.79007292,,,20.27254369,,
 5-Hydroxyhexanoic acid,4.975002396,5.048999298,7.12125201,1.852500779,8.717637901,7.841057231,7.729139871,4.975002396,3.499401693,13.0725313,12.21574441,13.75466115,
Bis(trimethylsilyl)acetylene,32.87699287,,,31.33980512,,,31.95028341,31.49849295,,28.83578455,29.01039053,29.29145605,
Bis(trimethylsilyl)histidine,,,,,,,,,,,23.66147989,22.9850993,22.87131513
Boric acid,20.34789494,22.49485295,18.29534314,,19.9716217,19.68840792,20.81410523,16.03185514,16.90563777,17.17963916,17.57743461,17.48622051,20.81410523
"Butanal, 2,3,4-tris[(trimethylsilyl)oxy]-, O-methyloxime, [R-(R*,R*)]-",,,,,,,,,,,,,
Butanedioic acid,26.28206297,27.05426917,,28.7290972,27.99074968,27.05426917,27.16652458,28.09201408,26.66354645,27.57574004,27.34888594,28.09201408,27.71155154
"Butanoic acid, 2-methyl-3-[(trimethylsilyl)oxy]-",,19.38168519,19.83089057,21.07281008,21.11201442,19.28595126,21.30209339,20.56757598,19.40382164,,20.04338891,,22.4575415
"Butanoic acid, 2,4-bis[(trimethylsilyl)oxy]-",14.52190251,14.30432669,15.09480018,13.13927252,15.09480018,15.80519976,15.09480018,13.69280971,14.75014337,,,,
Butylated Hydroxytoluene,18.55292756,18.42909881,18.48286187,11.89474969,19.38168519,19.32278164,19.32278164,19.11935451,19.38168519,18.55292756,18.48286187,21.02928034,20.48179996
Butylmethylamine,15.84345236,15.84345236,14.56360877,13.82550625,15.84345236,14.9654651,16.39703374,13.13927252,11.76701544,,,,18.99912706
Butyrovanillone,,18.18412677,,,,,16.24220675,,,17.96651419,,,
Cadaverine,7.729139871,,,,,8.312500607,,,,14.8251125,13.77610444,14.66751593,
Campesterol,19.25964179,18.64628422,19.25964179,19.57129551,18.61532019,17.05515249,19.83089057,18.87681626,18.55292756,18.89446986,19.94432887,20.12825677,21.53093269
"Carbonic acid, eicosyl vinyl ester ",,,,,,,,16.32186031,,19.03232892,18.70216054,18.53473038,18.70216054
"Carbonic diamide, N,N'-dibutyl-N'-methyl-",15.23762268,15.32194875,15.32194875,14.8251125,16.46168031,16.49065823,16.03185514,14.41176631,15.28394562,19.9716217,,20.61673813,
Carfentrazone-ethyl,,0.969938258,,,,,,0.630497825,,8.883221604,8.717637901,11.30311192,
"Cephalotaxine, 3-deoxy-3,11-epoxy-, (3alpha,11alpha)-",14.47479129,16.36344735,13.97601845,9.159555793,13.64601031,14.8251125,16.56790337,16.06194833,13.54453767,13.93172834,13.30049735,13.82550625,
"Cetaben, N,O-bis(trimethylsilyl)-",18.18412677,,18.18412677,18.53473038,19.58840495,18.87681626,16.43682881,17.02517013,19.68840792,,,,22.94755935
"Cholest-22-ene-21-ol, 3,5-dehydro-6-methoxy-, pivalate",24.10765077,23.74444185,24.72003408,24.79367398,,24.86888752,22.53624152,22.28851522,25.20498336,,,23.46547128,26.75956946
"Cholest-5-ene, 3-(1-oxobuthoxy)-",,,,,,,,,,,,12.73234495,
"Cholest-7-en-3-ol, (3beta,5alpha)-",8.221364815,7.67034095,10.11781119,10.46110945,8.363271461,10.03419313,8.883221604,7.988185873,7.540372322,,12.47408576,,15.77119078
"Cholesta-2,4-diene",6.22010192,,7.729139871,4.975002396,8.253813679,8.363271461,8.158949279,,4.693259947,,10.23485771,11.96268871,15.32194875
"Cholesta-3,5-dien-7-one",9.24468905,19.17293769,16.03185514,5.618465335,16.43682881,13.38980102,15.28394562,17.79383831,10.71029243,15.80519976,20.12825677,,
"Cholesta-3,5-diene ",18.07980265,18.26960458,18.67552784,18.89446986,19.28595126,19.17293769,19.11935451,17.8388328,14.66751593,20.81410523,17.28078417,20.22010084,18.73320674
"Cholesterol, pentafluoropropionate",,,6.893875242,,,,6.137780903,4.141329511,,,10.33620733,12.65703776,
Cholesterol,17.8388328,19.14521329,16.81665993,19.19715726,16.84566654,17.61674658,18.61532019,16.43682881,15.77119078,18.97831551,18.97831551,19.88101082,22.07154533
Cinnamic acid,8.883221604,8.158949279,11.54525522,3.419428758,13.58901481,12.30152493,,,8.440542694,,13.54453767,14.92780413,
cis-4-Trimethylsilyloxy-cyclohexyl(trimethylsilyl)carboxylate,,6.137780903,5.098904124,,7.12125201,,,3.419428758,,,,12.55314513,
"cis-4,5-Dihydroxy-o-dithiane, 2O-",17.72111281,17.54931888,17.68490399,17.72111281,17.96651419,18.42909881,18.24546509,17.34403764,17.89181875,17.72111281,18.34933928,18.64628422,20.07224148
Citric acid,,,,,,,,21.60773185,,21.80062407,22.72332085,22.402594,23.46547128
Cyclo-(l-leucyl-l-phenylalanyl) ,,2.504906149,,10.03419313,,,,3.499401693,,15.28394562,13.72493173,,
Cyclo(L-prolyl-L-valine) ,18.89446986,18.39493255,,20.73984365,,,16.06194833,16.87569553,16.63561972,22.42689577,22.22589271,22.13350683,
cyclobutanecarboxylic acid,17.92330281,20.81410523,19.40382164,17.31738991,18.89446986,18.73320674,17.89181875,20.81410523,17.8388328,20.59037001,23.1393374,20.01109978,21.7176914
Cyclobutanol,21.80062407,21.57879229,21.47951098,21.33613041,21.60773185,21.7176914,21.57879229,21.40350105,21.17688986,,22.63210054,,24.37092087
Cyclohexanol,13.82550625,13.30049735,13.77610444,12.97342673,14.75014337,14.2091514,13.90228543,12.35409658,12.84947271,14.41176631,14.8251125,15.23762268,18.29534314
"Cyclohexanone, 3,3,5-trimethyl-",24.2510983,24.72003408,23.98376459,24.04194282,24.17944439,24.72003408,24.32190706,23.1393374,25.15419116,22.94755935,23.37562353,24.04194282,25.42314961
"Cyclohexene, 3-butyl-3-methyl-1-trimethylsilyloxy-",21.23340447,20.73984365,,18.34933928,,21.47951098,,20.61673813,,,,,
"Cyclohexene, 3,3-dimethyl-1-(trimethylsilyloxy)-",15.59572191,13.54453767,12.02659817,14.47479129,9.24468905,13.75466115,13.0725313,14.18900733,13.87851901,,,,
"Cyclopentaneacetic acid, 3-oxo-2-pentyl-",8.120446174,12.21574441,10.93923482,9.24468905,14.2641993,14.10033979,,8.883221604,12.73234495,12.97342673,13.20643397,,17.79383831
"Cyclopentanone, 2,2,4-trimethyl-",19.49088491,19.25964179,19.06460892,19.03232892,19.71653356,19.75823651,19.66018227,18.70216054,19.25964179,,,,
D-(-)-Citramalic acid,,,,,8.221364815,,,,,10.46110945,,,
"D-(-)-Fructofuranose, pentakis",,,,,,,,,,19.14521329,18.3243161,,
"D-(-)-Lyxose, tetrakis",,19.09202204,20.18368625,13.87851901,,,20.95960522,,19.62777339,18.79127911,18.92161575,16.93736323,18.3243161
"D-(-)-Ribofuranose, tetrakis",19.83089057,14.52190251,20.48179996,17.28078417,20.34789494,,20.65774951,21.02928034,,20.71110062,,,21.40350105
D-(+)-Glucosamine,,18.24546509,,,,19.06460892,,,,21.13405584,20.4493694,21.11201442,
"D-(+)-Ribono-1,4-lactone (R,S,R)-",,3.833816876,4.141329511,4.693259947,,9.373841988,,,,,,,15.59572191
"D-(+)-Talofuranose, pentakis",14.01239703,,,13.44670942,,,8.060700058,,15.84345236,15.90651467,15.63866578,17.14085734,19.38168519
"D-(+)-Xylose, tetrakis",,18.73320674,19.52151627,20.27254369,18.07980265,,20.10693212,18.57226331,19.71653356,,,,17.74600941
D-Arabinose,,,,,,,,,,10.52557169,,12.79007292,15.90651467
"D-Erythro-Pentofuranose, 2-deoxy-1,3-bis-O-",23.04500454,19.58840495,25.3085066,12.35409658,21.93652962,23.84973455,19.75823651,24.04194282,24.86888752,22.90589031,23.80364275,23.57794782,24.04194282
D-Fructose,8.662788628,8.060700058,9.373841988,0.486774667,9.715540004,10.23485771,8.717637901,8.50494288,8.573010749,14.01239703,13.82550625,15.32194875,16.90563777
D-Fucitol,18.29534314,16.74172136,18.76457444,18.82183412,16.93736323,18.21162625,17.92330281,16.69641936,18.97831551,,,,
"D-Isoleucine, N-acetyl-",18.79127911,18.89446986,19.57129551,19.58840495,18.87681626,18.11245284,20.4493694,20.12825677,19.28595126,20.48179996,20.59037001,20.59037001,20.01109978
D-Leucylglycylglycine,,,,23.70462984,,,,,,22.0181925,,19.68840792,
D-Mannose,28.62219966,28.83578455,29.29145605,,,,,28.62219966,28.21775233,,,,24.93979482
D-Ornithine,,,,21.40350105,,,,,,20.73984365,21.40350105,20.77572438,21.64473805
D-Proline,14.9654651,16.11237077,,18.64628422,,,16.11237077,,,,,,
"D-Psicofuranose, pentakis",23.07526237,22.83610586,22.63210054,22.72332085,21.50730893,22.63210054,23.5350077,22.83610586,22.94755935,,,,21.13405584
D-Ribose,18.11245284,19.03232892,20.95960522,,20.73984365,20.07224148,,20.39599384,18.48286187,21.93652962,,20.18368625,22.25749244
D-Threitol,11.96268871,10.03419313,,,,,,,,17.74600941,19.19715726,18.18412677,18.48286187
"D-Xylofuranose, 1,2,3,5-tetrakis-O-",26.15324352,25.72031399,24.43779064,26.95340705,26.49293606,26.95340705,26.66354645,25.3085066,25.08858011,26.85446065,27.16652458,28.62219966,24.72003408
Decanoic acid,18.3243161,18.92161575,18.07980265,18.45298192,18.67552784,19.49088491,18.64628422,17.95315091,18.53473038,,,13.0725313,
Dehydronorketamine,12.65703776,3.499401693,12.35409658,0.630497825,,16.43682881,11.69677011,,13.82550625,,,,
Delorazepam,,16.84566654,,22.10611082,,,16.59711905,,,19.49088491,,19.38168519,21.44949396
Deoxycholic Acid,,7.841057231,9.24468905,,18.39493255,,8.662788628,5.740120977,10.03419313,13.77610444,13.0725313,14.18900733,19.35824174
Desmosterol,10.42054007,9.159555793,11.76701544,9.373841988,10.15805866,11.76701544,10.99611396,9.62396472,10.52557169,,12.97342673,14.01239703,16.87569553
Dicyclohexylamine,,,23.42003078,,,,22.87131513,,,18.99912706,,,23.80364275
Dihydrouracil,22.35722332,23.07526237,22.28851522,23.04500454,22.17010551,22.10611082,22.17010551,22.33013675,22.49485295,24.79367398,24.59328321,24.43779064,23.90378592
Dimethyl fumarate,13.13927252,13.0376652,14.9654651,,14.56360877,14.41176631,14.41176631,13.64601031,12.55314513,14.75014337,15.09480018,,
"Dimethyl hexopyranosiduronate, alpha-D-",,,,,,18.79127911,,,21.44949396,20.04338891,20.3216747,21.93652962,20.12825677
Dinoseb ,,,,10.42054007,,,,,,11.03539527,11.03539527,13.0376652,15.84345236
Diphenyl ether,13.0725313,12.73234495,14.01239703,13.64601031,13.93172834,15.32194875,13.72493173,12.73234495,11.89474969,15.15988909,15.01632994,15.90651467,18.18412677
DL-Glyceraldehyde,10.15805866,9.524675027,12.30152493,,12.02659817,13.0376652,12.55314513,,,15.42128805,14.47479129,,
DL-Ornithine,22.402594,21.17688986,20.65774951,20.85945123,20.48179996,21.26300305,21.47951098,20.65774951,20.59037001,23.07526237,24.2510983,23.04500454,22.9850993
DL-Phenylalanine,30.13955608,31.49849295,29.43069106,31.13754935,30.44317623,29.95484878,30.62533777,30.62533777,29.70267581,30.62533777,31.33980512,31.33980512,31.95028341
"DL-Proline, 5-oxo-",,,,18.67552784,,,,,,12.13661579,13.44670942,14.47479129,17.48622051
Dobutamine,,,15.28394562,,16.36344735,14.18900733,,14.2091514,15.42128805,12.42133566,14.04033332,,
Doconexent,26.49293606,27.16652458,27.34888594,26.85446065,26.36753398,27.16652458,27.05426917,25.92561678,27.05426917,27.99074968,28.7290972,29.95484878,
Docosyl octyl ether,,,,,,,20.9881933,20.01109978,18.04483532,18.45298192,19.17293769,18.48286187,20.42013975
Dodecanamide,21.93652962,22.53624152,22.0181925,23.84973455,23.04500454,21.36714266,23.20444759,21.84962506,22.25749244,,26.15324352,,
"Dodecanamide, N-(2-hydroxyethyl)-",20.65774951,20.51613099,20.3216747,20.42013975,20.27254369,20.73984365,20.77572438,19.83089057,20.71110062,,,,
"Dodecane, 4,6-dimethyl-",,,,,,20.95960522,,,24.72003408,21.33613041,21.84962506,21.30209339,22.79402715
"Dodecanoic acid, 1-methylethyl ester",11.54525522,9.797636276,,8.50494288,10.23485771,,10.90329381,8.662788628,,,,15.80519976,16.81665993
Dodecanoic acid,18.73320674,18.55292756,17.81641018,19.62777339,19.19715726,,19.06460892,18.39493255,18.45298192,18.18412677,18.82183412,18.92161575,20.59037001
Dodecylcyclohexane,,,21.64473805,,22.53624152,,22.10611082,,21.93652962,,,,
Dopamine,24.72003408,25.08858011,24.93979482,24.93979482,24.43779064,8.717637901,24.65154119,25.08858011,,22.67327129,,25.86401083,
Ecgonine,19.75823651,20.22010084,18.21162625,,,18.82183412,,19.52151627,18.89446986,,,,
Eicosapentaenoic acid,19.09202204,,,,,,,,,18.67552784,,20.27254369,
Erythritol,23.74444185,23.5350077,23.29305796,22.87131513,16.98686937,23.46547128,23.46547128,19.09202204,23.95175876,,24.17944439,23.95175876,23.49427922
"Erythrono-1,4-lactone, (Z)-",19.38168519,19.57129551,19.28595126,18.29534314,19.66018227,19.9716217,20.91846626,19.66018227,18.84939743,20.85945123,21.17688986,21.40350105,20.10693212
"Ethanamine, N,N-diethyl-2,2-dimethyl-2-[(3,5-dimethoxy)phenyl]-",8.363271461,,,,,,9.24468905,7.729139871,,,,,
"Ethanol, 2-(9-octadecenyloxy)-",10.90329381,9.373841988,9.885623795,7.988185873,10.93923482,11.36603994,8.120446174,8.363271461,,12.21574441,11.96268871,13.38980102,
Ethanolamine,29.70267581,31.13754935,30.03740544,19.9716217,30.62533777,30.13955608,30.29223388,30.87279288,30.13955608,31.33980512,30.87279288,31.81207437,30.62533777
"Ethanone, 1-(2,5-dimethoxyphenyl)-",17.07704659,16.87569553,17.2208583,13.97601845,17.68490399,17.85876892,17.65471592,17.50868105,16.87569553,17.68490399,18.07980265,17.96651419,18.07980265
"Ethanone, 1-(5-methoxy-2-methyl-3(1H)-indolyl)-",6.482922169,8.120446174,9.62396472,,9.885623795,10.71029243,10.15805866,8.440542694,7.729139871,,,,16.69641936
Ethyl alpha-D-glucopyranoside,,,13.13927252,,16.03185514,,,,9.373841988,10.33620733,10.80346591,,
Ethyl cis-2-trimethylsilyl-cyclopropane-1-carboxylate,23.33029411,22.58413077,22.9850993,22.79402715,23.20444759,23.74444185,23.33029411,22.67327129,23.74444185,22.402594,21.30209339,22.07154533,23.66147989
Fenitrothion,21.8965442,22.79402715,22.72332085,22.07154533,22.79402715,23.07526237,23.42003078,23.07526237,22.79402715,21.8965442,22.35722332,21.07281008,22.63210054
"Furan-2-carboxaldehyde, 5-(1-piperidyl)-",,,,10.33620733,,,,,,,,,14.8251125
"Furan, 2-pentyl-",,17.50868105,16.98686937,13.30049735,17.50868105,,16.49065823,16.84566654,,,19.22520227,,
Galactopyranose,16.24220675,17.07704659,16.77457603,15.59572191,18.3243161,17.10751249,16.93736323,17.10751249,16.28398116,12.55314513,11.54525522,17.95315091,18.79127911
Gln-Ala,,,20.39599384,17.8388328,,,,,,,,,
Glucopyranose,,,,,,,,,27.71155154,32.32461973,32.32461973,32.87699287,32.87699287
Glucose,18.94881168,7.442076992,23.66147989,,16.77457603,16.36344735,14.10033979,21.93652962,20.56757598,,22.28851522,23.37562353,
Glyceric acid,25.08858011,26.85446065,25.92561678,25.42314961,24.79367398,25.61352918,26.21598525,26.28206297,25.86401083,,,,
Glycine,20.91846626,20.95960522,20.4493694,26.04413505,19.75823651,20.18368625,20.56757598,22.10611082,21.30209339,26.95340705,26.95340705,26.21598525,28.83578455
"Glycine, N-(1-oxobutyl)-",18.48286187,17.14085734,21.67830159,21.8965442,20.81410523,20.34789494,23.37562353,23.66147989,19.03232892,21.98150385,21.44949396,22.83610586,20.51613099
"Glycine, N-(N-DL-leucylglycyl)-",,,,,,20.04338891,,,21.47951098,,,,
"Glycine, N-[4-[(trimethylsilyl)oxy]benzoyl]-",20.3216747,20.48179996,21.93652962,21.75108226,,22.07154533,22.63210054,22.22589271,20.65774951,23.20444759,23.46547128,23.5350077,22.17010551
Glycolic acid,25.15419116,25.80227917,25.61352918,25.51261211,25.72031399,25.72031399,25.51261211,24.93979482,25.92561678,26.28206297,26.66354645,26.95340705,25.80227917
Glycyl-l-glutamine,,15.98232908,,16.11237077,,,,,,20.34789494,21.07281008,20.10693212,
Glyoxime,17.68490399,18.3243161,18.11245284,16.24220675,18.24546509,18.48286187,18.48286187,17.99882248,17.81641018,19.58840495,19.91414788,19.71653356,20.61673813
Guanabenz,26.36753398,28.09201408,26.28206297,28.47566737,27.34888594,25.3085066,26.85446065,25.42314961,24.37092087,,,,28.7290972
"Guanidine, N,N-dimethyl-",25.86401083,26.66354645,25.86401083,26.15324352,26.04413505,26.21598525,25.92561678,24.79367398,25.80227917,24.37092087,24.93979482,25.15419116,27.2753631
"Gulonic acid, gamma-lactone",,,,18.21162625,,,13.13927252,17.85876892,,,,,
Heptadecanoic acid,22.94755935,22.90589031,22.67327129,22.4575415,22.83610586,23.25570011,22.90589031,22.63210054,22.83610586,22.75549521,23.49427922,23.29305796,23.84973455
Heptanoic acid,18.99912706,20.27254369,18.24546509,18.39493255,19.32278164,19.91414788,18.55292756,18.73320674,18.64628422,17.89181875,18.94881168,18.97831551,20.56757598
Hexanedioic acid,17.74600941,17.92330281,17.14085734,17.05515249,20.12825677,19.19715726,17.8388328,17.81641018,17.85876892,18.82183412,19.28595126,19.4621824,19.4621824
Hexanoic acid,23.46547128,26.95340705,24.65154119,23.20444759,25.08858011,24.37092087,24.17944439,25.15419116,24.10765077,23.80364275,25.80227917,24.59328321,26.15324352
Hexanoylglycine,8.253813679,8.610519735,13.54453767,11.08643122,13.77610444,10.42054007,14.75014337,13.93172834,11.12551377,16.56790337,15.42128805,16.39703374,17.2208583
Hippuric acid,21.17688986,21.02928034,22.25749244,20.10693212,21.67830159,22.83610586,21.75108226,21.80062407,20.81410523,21.67830159,22.58413077,22.25749244,22.90589031
Homocysteine thiolactone,9.159555793,10.93923482,10.67225141,13.72493173,10.42054007,11.12551377,11.03539527,9.24468905,12.21574441,18.92161575,18.84939743,18.3243161,
Hydantoic acid,,,,,,,,,19.83089057,21.57879229,,21.98150385,
Hydracrylic acid,21.50730893,21.07281008,21.50730893,20.48179996,21.23340447,20.9881933,21.53093269,21.26300305,21.40350105,22.35722332,22.402594,22.58413077,22.10611082
Hydroquinidine,13.77610444,16.59711905,13.30049735,14.66751593,,13.69280971,14.18900733,15.90651467,12.02659817,,15.77119078,16.03185514,
Hydroquinone,17.25041562,18.07980265,17.07704659,14.2641993,17.48622051,18.26960458,17.72111281,16.81665993,17.17963916,19.4621824,20.34789494,,
Indole-3-carboxaldehyde,,,,,,,9.524675027,11.08643122,14.14657022,17.54931888,17.37332749,17.72111281,
Indole-3-lactic acid,22.17010551,20.42013975,18.97831551,23.5350077,20.22010084,,20.48179996,22.07154533,22.17010551,23.66147989,,,25.20498336
Indole-5-carboxylic acid,10.60563876,5.618465335,10.99611396,7.841057231,12.55314513,13.13927252,8.221364815,9.373841988,11.17464253,15.84345236,16.24220675,16.20969358,
"Inosose-2, 1,3,4,5,6-pentakis-",23.49427922,23.33029411,21.80062407,23.33029411,23.33029411,23.20444759,23.29305796,23.04500454,23.1393374,23.37562353,23.98376459,24.32190706,24.52717287
Isofucosterol,,,8.717637901,,8.50494288,9.24468905,,7.442076992,5.048999298,11.08643122,12.65703776,13.90228543,16.98686937
Isonicotinic Acid,21.40350105,21.44949396,21.26300305,21.13405584,21.07281008,21.57879229,21.33613041,21.17688986,21.33613041,13.58901481,,14.75014337,
Isopropyl palmitate,,,8.573010749,7.67034095,11.12551377,,,,8.717637901,11.30311192,11.4394293,13.33683832,16.16132504
"Isoquinoline, 3,4-dihydro-6,7-dimethoxy-1-[4-hydroxybenzyl]-",34.70007679,34.20197596,34.20197596,32.49773563,34.70007679,34.70007679,33.79907597,33.19613006,33.19613006,,34.70007679,,32.15862862
Isoxaben,,18.87681626,18.99912706,,17.95315091,19.03232892,19.38168519,18.99912706,17.31738991,20.07224148,20.01109978,20.9881933,17.85876892
Itaconic acid,12.55314513,12.30152493,13.0725313,8.883221604,14.01239703,14.2641993,13.64601031,11.54525522,13.0376652,14.04033332,16.49065823,,
Ketamine ,32.15862862,31.95028341,31.95028341,31.81207437,32.15862862,31.81207437,32.49773563,31.13754935,31.49849295,31.81207437,32.49773563,32.15862862,32.32461973
L-(+)-Threose,23.20444759,22.42689577,22.33013675,,17.89181875,,,,23.57794782,,25.61352918,,
L-5-Oxoproline,17.17963916,,18.89446986,20.56757598,,16.90563777,,,,20.18368625,20.61673813,20.65774951,19.22520227
L-Alanine,26.85446065,27.57574004,27.2753631,27.99074968,27.71155154,27.57574004,26.36753398,27.16652458,26.85446065,24.43779064,26.57850484,18.84939743,27.99074968
L-Asparagine,,,,,23.1393374,22.75549521,,,,27.2753631,28.09201408,27.57574004,26.66354645
L-Aspartic acid,23.62466954,25.92561678,24.2510983,26.49293606,23.57794782,24.04194282,25.80227917,26.04413505,23.90378592,26.75956946,27.71155154,27.71155154,28.62219966
L-Citrulline,,,,21.57879229,,,,20.51613099,7.12125201,21.23340447,21.67830159,23.1393374,
L-Cysteine,18.45298192,17.85876892,17.8388328,20.95960522,17.92330281,17.92330281,18.45298192,19.03232892,18.3243161,19.42529113,,18.07980265,20.85945123
L-Glutamic acid,22.75549521,23.95175876,23.07526237,24.43779064,24.52717287,23.37562353,24.10765077,23.74444185,23.20444759,25.42314961,25.86401083,26.75956946,23.57794782
L-Glutamine,14.14657022,8.717637901,16.24220675,18.61532019,16.06194833,10.99611396,12.30152493,11.69677011,19.4621824,19.62777339,18.76457444,19.22520227,18.94881168
l-Histidine ethyl ester,26.75956946,,25.72031399,29.56215162,26.75956946,24.52717287,,26.15324352,26.21598525,28.09201408,29.56215162,28.83578455,
L-Hydroxyproline,23.5350077,24.32190706,24.32190706,21.30209339,24.04194282,23.57794782,22.13350683,23.46547128,21.98150385,26.04413505,,,
L-Isoleucine,30.44317623,30.87279288,29.56215162,29.95484878,29.82120946,29.56215162,30.44317623,29.82120946,29.82120946,29.70267581,,30.87279288,30.87279288
L-Leucine,34.20197596,34.70007679,34.70007679,34.70007679,33.19613006,34.20197596,34.70007679,34.70007679,33.79907597,,29.82120946,34.20197596,33.79907597
L-Lysine,27.2753631,27.2753631,26.75956946,27.16652458,27.05426917,27.71155154,26.04413505,27.71155154,28.94512024,26.66354645,28.21775233,27.86018564,28.47566737
"L-Lysine, ethyl ester ",32.32461973,33.19613006,31.49849295,34.20197596,30.87279288,31.49849295,32.32461973,33.79907597,32.49773563,,,,
L-Methionine,25.92561678,25.86401083,24.37092087,28.94512024,22.87131513,23.70462984,26.57850484,24.59328321,26.49293606,29.43069106,30.29223388,29.43069106,27.34888594
L-Norleucine,,,,,,,,,,28.21775233,28.94512024,27.99074968,
L-Ornithine,21.11201442,21.47951098,20.56757598,17.74600941,20.91846626,21.17688986,21.40350105,21.30209339,21.36714266,22.72332085,22.42689577,21.44949396,
L-Proline,33.79907597,33.79907597,33.79907597,32.87699287,34.20197596,33.19613006,34.20197596,34.20197596,32.87699287,34.70007679,,34.70007679,34.20197596
L-Threitol,10.11781119,8.883221604,,8.120446174,7.67034095,11.30311192,,,9.159555793,,,,
L-Threonine,23.90378592,24.43779064,23.37562353,24.65154119,22.72332085,23.80364275,24.79367398,23.42003078,23.42003078,27.43814941,,29.01039053,23.5350077
L-Tryptophan,29.95484878,14.04033332,27.86018564,31.49849295,29.70267581,26.15324352,27.86018564,30.13955608,30.29223388,30.87279288,31.13754935,30.44317623,31.13754935
"L-Tryptophan, N-acetyl-1",16.28398116,,15.42128805,15.84345236,14.52190251,,14.01239703,16.63561972,16.59711905,17.37332749,17.34403764,17.41764093,19.40382164
L-Valine,31.33980512,32.15862862,30.62533777,30.87279288,31.49849295,30.87279288,31.49849295,31.81207437,31.13754935,32.15862862,32.15862862,32.32461973,31.81207437
Lactic Acid,26.66354645,27.34888594,27.05426917,27.05426917,26.85446065,27.34888594,26.75956946,26.75956946,26.28206297,23.46547128,22.13350683,25.20498336,23.95175876
Latanoprost lactone diol,,14.47479129,,17.07704659,,,,,,17.05515249,16.84566654,16.90563777,
Leucylglycine,,,,,,,,,,25.08858011,,,
Levulinic acid,18.04483532,18.29534314,18.34933928,17.50868105,19.14521329,19.14521329,18.79127911,17.96651419,18.87681626,17.99882248,18.79127911,18.94881168,20.73984365
Luteolin ,21.53093269,22.22589271,19.17293769,,21.40350105,22.4575415,22.0181925,,,15.49775303,15.28394562,,
Malic acid,17.85876892,18.79127911,18.55292756,18.11245284,15.01632994,18.04483532,19.58840495,18.82183412,18.29534314,20.42013975,19.25964179,20.71110062,19.57129551
meso-Erythritol,22.87131513,22.75549521,22.10611082,25.80227917,23.62466954,,,,,22.53624152,,,
Metanephrine,23.95175876,22.0181925,23.90378592,16.77457603,22.58413077,,21.64473805,20.3216747,21.23340447,,,,
"Methanone, [1-(4-chloropentyl)-1H-indol-3-yl](2,2,3,3-tetramethylcyclopropyl)-",19.71653356,,19.66018227,,,18.92161575,19.14521329,19.68840792,18.79127911,21.64473805,20.91846626,,
"Methanone, [1-(5-chloropentyl)-1H-indol-3-yl](4-methyl-1-naphthalenyl)-",,,,,,,,,,,,,
"Methyl (3,4-dimethoxyphenyl)(hydroxy)acetate",30.29223388,29.95484878,27.16652458,26.75956946,27.43814941,28.47566737,30.13955608,28.47566737,27.34888594,30.03740544,29.95484878,31.13754935,30.29223388
"Methyl 2,4-dihydroxybenzoate",24.79367398,23.98376459,26.36753398,24.37092087,25.20498336,26.49293606,24.37092087,,26.57850484,27.16652458,27.43814941,27.34888594,26.28206297
Methyl alpha-Lyxofuranoside,,,,,,,,,,18.34933928,18.89446986,18.24546509,
Methyl aminoacetate,10.03419313,6.893875242,10.42054007,,10.46110945,11.17464253,10.67225141,10.80346591,8.662788628,13.44670942,13.38980102,14.10033979,16.39703374
"Methyl galactoside (1R,2S,3S,4R,5R)-",13.50077841,7.12125201,,,14.04033332,,11.96268871,15.15988909,11.4394293,19.17293769,19.35824174,19.57129551,20.39599384
Methyl isovanillate,10.67225141,9.885623795,12.73234495,12.79007292,12.21574441,10.11781119,13.44670942,13.0725313,9.885623795,11.54525522,,,
Methyl leucinate,25.72031399,,,,24.59328321,,,,,25.61352918,,26.04413505,
Methyl-3-methoxy-5-methyl benzoate,9.524675027,8.440542694,8.50494288,15.42128805,10.99611396,11.03539527,9.373841988,,8.883221604,,,,
Methylmalonic monoamide,10.99611396,11.12551377,11.12551377,11.12551377,11.76701544,11.54525522,11.30311192,10.71029243,,16.87569553,17.14085734,17.10751249,
Methylsuccinic acid,12.13661579,11.30311192,12.55314513,12.21574441,13.90228543,13.64601031,13.50077841,12.97342673,10.60563876,,17.85876892,,19.19715726
Mirin,33.19613006,32.32461973,33.19613006,32.15862862,32.32461973,27.43814941,33.19613006,32.32461973,32.32461973,,,,
Mitoxantrone,16.69641936,17.57743461,,21.64473805,17.2208583,,17.81641018,17.07704659,16.36344735,,21.50730893,,
"Morpholine, 4-(2,6-dimethoxybenzoyl)-2,6-dimethyl-",21.33613041,21.53093269,22.17010551,16.74172136,22.10611082,22.33013675,22.402594,21.07281008,20.39599384,,,,
"Morpholine, 4-[2,3,4,6-tetrakis-O-(trimethylsilyl)-alpha-d-mannopyranosyl]-",,,,19.91414788,,,,,,,18.26960458,,
Myristic acid,24.86888752,25.61352918,25.08858011,25.15419116,25.86401083,25.15419116,25.20498336,24.65154119,25.42314961,24.2510983,24.86888752,24.93979482,26.49293606
"N-(Trifluoroacetyl)-N,O,O'-tris(trimethylsilyl)normetanephrine",,,,,,,,8.221364815,,13.72493173,14.56360877,,
N-(Trimethylsilyl)hexanamide,17.89181875,18.70216054,16.69641936,19.09202204,16.49065823,16.69641936,17.17963916,17.74600941,17.25041562,18.73320674,18.42909881,18.26960458,
N-Acetyl-D-galactosamine,19.22520227,,20.71110062,,20.39599384,20.01109978,19.88101082,20.27254369,,,,,
N-Acetyl-L-glutamic acid,,16.20969358,,14.18900733,,,,,,18.87681626,18.18412677,18.99912706,
N-Acetyl-L-phenylalanine,5.618465335,4.582679869,7.442076992,3.271239523,8.312500607,7.988185873,7.442076992,3.833816876,,,,,16.36344735
N-Acetyltyrosine,,,,16.32186031,,,,,10.67225141,18.70216054,18.11245284,17.65471592,
N-alpha-Acetyl-L-Lysine,19.52151627,,,23.25570011,,,,19.88101082,,23.90378592,23.33029411,21.47951098,
n-Butylamine,19.94432887,18.61532019,18.64628422,19.52151627,19.25964179,19.25964179,18.92161575,18.94881168,20.01109978,18.07980265,17.61674658,18.89446986,20.22010084
"N-isobutyl-2-(trimethylsilyloxy]-4,5-dihydro-1H-imidazole-1-carboxamide",,,,,,,,12.02659817,12.97342673,16.36344735,14.52190251,15.49775303,
N-Isobutyl-sec-butylamine,19.91414788,19.94432887,19.68840792,19.35824174,20.01109978,20.10693212,20.34789494,19.32278164,19.91414788,20.91846626,18.04483532,,
N-Isobutyrylglycine,15.80519976,14.56360877,19.9716217,18.76457444,20.07224148,18.14386084,18.87681626,,19.52151627,,14.10033979,,
N-Isovaleroylglycine,14.10033979,13.58901481,14.92780413,12.42133566,12.42133566,14.14657022,15.42128805,14.66751593,14.04033332,17.57743461,16.36344735,17.85876892,
N-Methyl-N-(tetrahydro-2-furanylmethyl)-4-piperidinamine,,,,,,7.12125201,,,,,,,14.30432669
n-Pentadecanol,,17.65471592,,,18.73320674,,18.97831551,,,10.15805866,10.11781119,,15.28394562
N-Valerylglycine,8.50494288,7.280859893,11.69677011,12.02659817,12.97342673,10.90329381,14.2091514,13.77610444,8.50494288,14.56360877,,16.06194833,
"N,9-bis(Trimethylsilyl)-6-[(trimethylsilyl)oxy]-9H-purin-2-amine",16.81665993,17.02517013,18.57226331,,18.94881168,18.45298192,18.21162625,17.05515249,16.43682881,19.68840792,19.9716217,,
"N,N-Diethyl-2-aminoethanol",,,,23.95175876,,,,,,24.59328321,23.95175876,22.49485295,
"N,N-Dimethyl-2-cyclohexyloxyethylamine",20.27254369,20.34789494,19.58840495,19.66018227,20.18368625,20.27254369,19.91414788,19.38168519,20.18368625,,,,
"N,N'-Bis(trimethylsilyl)trifluoroacetamidine",,,,,,,,,,10.60563876,,,
"N,O-Bis(trimethylsilyl)carbamate",14.66751593,13.90228543,13.64601031,10.90329381,12.65703776,15.01632994,12.97342673,10.42054007,13.75466115,13.13927252,14.9654651,14.04033332,18.04483532
Naphthofluorescein,,,,,,,,,,,,,
Neostigmine ,19.06460892,19.06460892,,,18.48286187,17.99882248,18.70216054,16.20969358,,20.22010084,21.47951098,21.23340447,
Niacin,17.61674658,19.4621824,20.59037001,16.81665993,19.03232892,19.09202204,19.03232892,18.61532019,17.79383831,19.35824174,19.88101082,19.40382164,20.34789494
Niacinamide,24.59328321,26.15324352,26.15324352,25.72031399,26.21598525,25.86401083,25.86401083,25.80227917,25.61352918,25.92561678,26.85446065,26.57850484,26.04413505
Niclosamide,16.49065823,15.42128805,15.77119078,15.28394562,13.75466115,16.56790337,15.80519976,14.47479129,14.41176631,16.77457603,17.72111281,17.92330281,19.03232892
Nitrosothymol,,,15.90651467,,13.72493173,14.04033332,,11.4394293,13.64601031,,,,19.09202204
Nonadecanoic acid,10.71029243,10.11781119,11.03539527,8.363271461,,12.65703776,11.54525522,9.524675027,10.11781119,13.82550625,14.75014337,15.59572191,17.17963916
Nonanal,13.90228543,13.33683832,14.04033332,12.84947271,14.18900733,14.66751593,14.47479129,13.72493173,13.30049735,14.30432669,15.15988909,14.30432669,17.57743461
Nonanoic acid,22.22589271,23.1393374,22.402594,22.67327129,22.49485295,23.49427922,22.22589271,22.17010551,22.87131513,23.29305796,23.62466954,23.66147989,25.15419116
Norketamine,28.83578455,29.43069106,29.01039053,27.57574004,29.29145605,29.70267581,28.83578455,28.83578455,28.7290972,29.17613373,30.03740544,30.13955608,29.70267581
"O-Methyl-N,N'-diisopropylisourea ",20.81410523,23.42003078,30.29223388,,,,30.87279288,31.33980512,24.52717287,31.49849295,,28.94512024,
Oct-1-en-3-ol,19.28595126,18.94881168,20.07224148,17.92330281,18.79127911,19.88101082,20.12825677,19.19715726,19.66018227,19.52151627,19.71653356,19.9716217,
"Octadecanamide, N-(2-methylpropyl)-N-nitroso-",,,12.97342673,,,,,,,,,,
Octan-2-yl palmitate,19.66018227,19.83089057,19.71653356,20.01109978,21.13405584,21.53093269,19.9716217,18.53473038,21.11201442,18.24546509,,,21.17688986
"Octanamide, N-(2-hydroxyethyl)-",,18.57226331,,,,,,15.23762268,,,19.49088491,,
"Octane, 1-propoxy-",12.35409658,10.80346591,8.610519735,8.573010749,9.524675027,8.158949279,,,5.098904124,,,,
Octanoic acid,20.39599384,20.91846626,20.10693212,19.71653356,20.65774951,21.30209339,20.18368625,19.49088491,20.91846626,19.94432887,20.39599384,20.3216747,21.98150385
Octocrylene,6.893875242,11.17464253,,8.312500607,10.71029243,,10.60563876,,11.03539527,,,,17.37332749
Octopamine,26.57850484,26.49293606,26.57850484,26.36753398,25.61352918,,26.15324352,26.95340705,,,22.10611082,22.22589271,
Ornithine,21.30209339,24.04194282,21.30209339,29.01039053,21.47951098,19.66018227,22.79402715,22.87131513,23.49427922,28.47566737,25.51261211,28.36661411,
Oxalic acid,17.95315091,19.91414788,19.42529113,19.4621824,18.57226331,18.39493255,20.07224148,18.97831551,19.88101082,19.06460892,19.14521329,19.14521329,20.77572438
"Oxalic acid, allyl octyl ester",13.44670942,12.35409658,13.20643397,11.4394293,,9.524675027,13.75466115,,13.20643397,,10.67225141,,15.98232908
p-Hydroxydiisopropylbenzene,17.2208583,20.65774951,17.89181875,19.32278164,20.3216747,21.13405584,16.63561972,17.14085734,21.02928034,20.51613099,20.77572438,21.13405584,22.28851522
p-Toluic acid,8.610519735,8.573010749,8.312500607,8.221364815,10.60563876,10.46110945,10.33620733,8.060700058,8.060700058,14.10033979,14.41176631,15.09480018,16.43682881
Palmitelaidic acid,24.43779064,24.86888752,24.59328321,22.22589271,24.10765077,24.43779064,24.86888752,23.95175876,24.79367398,24.65154119,21.26300305,25.72031399,26.21598525
Palmitic Acid,,,19.94432887,20.12825677,19.09202204,20.65774951,,22.94755935,20.95960522,24.52717287,25.08858011,23.42003078,27.16652458
Pantolactone,17.10751249,17.05515249,16.39703374,17.02517013,17.81641018,17.74600941,17.34403764,16.16132504,16.49065823,17.2208583,17.81641018,17.68490399,19.52151627
Pantothenic acid ,20.56757598,18.97831551,22.4575415,20.71110062,,22.42689577,13.93172834,,22.402594,,,,
Pentacosanoic acid,,,,,12.84947271,,,,,,,,14.66751593
Pentadecanoic acid,22.42689577,22.67327129,22.22589271,21.84962506,22.42689577,22.25749244,22.25749244,22.0181925,22.42689577,22.10611082,23.04500454,23.07526237,23.62466954
"Pentanedioic acid, 2-[(trimethylsilyl)oxy]-",14.2641993,14.9654651,14.8251125,15.77119078,,14.47479129,16.32186031,16.36344735,14.56360877,,,,
"Pentanedioic acid, 2,4-bis[(trimethylsilyl)oxy]",7.540372322,,8.120446174,2.504906149,,8.50494288,8.312500607,7.280859893,6.137780903,,,,
"Pentanedioic acid, 3-methyl-3-[(trimethylsilyl)oxy]-",4.693259947,3.977134563,6.482922169,7.280859893,8.610519735,,7.540372322,6.137780903,3.419428758,12.65703776,12.55314513,,
Pentanoic acid,,16.24220675,17.74600941,,18.42909881,17.41764093,,17.57743461,,16.74172136,16.74172136,16.11237077,18.89446986
"Pentenoic acid, 4-[(trimethylsilyl)oxy]-",11.69677011,10.60563876,13.0376652,10.67225141,12.73234495,13.30049735,12.21574441,10.46110945,10.80346591,13.90228543,,14.52190251,
Pentylone,31.95028341,,29.17613373,33.79907597,33.79907597,33.79907597,31.33980512,,34.70007679,26.15324352,27.05426917,33.19613006,
Petroselinic acid,4.141329511,,5.048999298,,,7.442076992,10.46110945,0.789448905,3.271239523,,,,15.09480018
Phenanthridin-6-ol ,27.43814941,,28.94512024,25.92561678,29.17613373,28.62219966,27.2753631,26.85446065,26.75956946,27.34888594,,26.28206297,
"Phenol, 3,5-bis(1,1-dimethylethyl)-",17.48622051,17.79383831,17.34403764,17.17963916,18.70216054,18.24546509,18.34933928,15.32194875,17.50868105,16.32186031,15.98232908,18.61532019,17.99882248
Phenol,18.64628422,17.8388328,17.57743461,16.46168031,17.57743461,18.70216054,17.57743461,16.77457603,18.14386084,17.02517013,17.50868105,17.50868105,19.11935451
Phenoxyacetic acid,,9.62396472,,7.442076992,,20.3216747,8.610519735,,5.618465335,,,,
phenoxyethanol,17.54931888,17.95315091,18.26960458,17.10751249,18.21162625,21.64473805,22.35722332,17.17963916,17.28078417,19.25964179,20.22010084,19.49088491,21.02928034
Phenylalanine,28.47566737,29.17613373,28.83578455,30.29223388,29.56215162,,29.01039053,29.43069106,29.95484878,29.82120946,30.44317623,30.62533777,30.44317623
Phenylpropanolamine,27.99074968,26.36753398,29.82120946,,28.47566737,30.29223388,28.62219966,26.36753398,,,,,29.01039053
Phlorizin,,,,,,,,,,14.2091514,14.30432669,15.01632994,
Phloroglucinol,14.04033332,11.89474969,13.72493173,16.16132504,16.63561972,13.82550625,14.92780413,13.0376652,13.0725313,16.16132504,17.74600941,16.84566654,
Phosalone,,,,19.40382164,,,,,,,,,
Phthalazin-1-one,30.87279288,29.70267581,30.87279288,30.13955608,31.33980512,31.13754935,29.82120946,29.56215162,30.44317623,30.13955608,32.87699287,30.29223388,29.43069106
Picolinic acid,21.36714266,21.7176914,21.84962506,21.11201442,21.57879229,21.98150385,21.80062407,21.75108226,21.75108226,22.28851522,22.94755935,22.63210054,23.33029411
Pimelic acid,12.47408576,13.44670942,12.92589364,11.03539527,14.14657022,12.73234495,13.38980102,12.92589364,10.93923482,16.11237077,16.81665993,16.16132504,17.72111281
Pipecolic acid,28.36661411,29.56215162,28.36661411,31.95028341,26.15324352,28.36661411,24.2510983,27.34888594,30.87279288,32.87699287,33.79907597,27.16652458,28.09201408
"Piperidine, 1-(1-methylpentyl)-",17.79383831,17.41764093,17.31738991,17.41764093,18.26960458,18.18412677,17.96651419,16.93736323,17.37332749,16.46168031,,16.28398116,
"Pregn-16-en-20-one, 3,18-bis(acetyloxy)-14,15-epoxy-, (3beta,5alpha,14beta,15beta)-",22.07154533,,20.85945123,18.94881168,,21.60773185,,21.57879229,21.84962506,,21.13405584,21.7176914,
"Propanetriol, 2-methyl-",13.33683832,11.69677011,10.52557169,8.253813679,11.89474969,12.02659817,12.13661579,10.23485771,11.30311192,13.38980102,13.75466115,15.28394562,17.25041562
"Propanoic acid, 2-methyl-",19.19715726,18.82183412,19.09202204,17.65471592,18.84939743,19.22520227,19.42529113,19.25964179,19.19715726,19.88101082,19.75823651,20.34789494,19.14521329
"Propanoic acid, 2-oxo-",18.34933928,18.53473038,18.92161575,17.85876892,18.97831551,18.34933928,19.19715726,18.67552784,17.05515249,,,,21.8965442
"Propiophenone, 3',4'-dimethoxy-",22.79402715,22.35722332,22.35722332,21.50730893,22.07154533,22.79402715,21.13405584,22.49485295,22.75549521,23.98376459,25.3085066,24.79367398,
Propylamine,13.75466115,8.50494288,5.740120977,11.36603994,9.373841988,10.93923482,8.363271461,,,11.76701544,12.30152493,13.69280971,16.46168031
"Pyrazine, 3,6-dihydro-3,6-dimethyl-",18.57226331,18.67552784,19.88101082,18.99912706,18.76457444,18.55292756,18.73320674,18.76457444,19.9716217,,,,
"Pyrazine, 3,6-dimethyl-2,5-bis(trimethylsilyloxy)-",18.14386084,20.3216747,17.10751249,22.53624152,15.80519976,17.25041562,17.07704659,19.71653356,19.17293769,,24.72003408,24.37092087,
"Pyrimidine, 5-methyl-2,4-bis[(trimethylsilyl)oxy]-",,16.06194833,16.28398116,16.43682881,17.31738991,15.63866578,16.46168031,15.98232908,14.8251125,18.29534314,18.29534314,17.79383831,18.45298192
Pyroglutamic acid,32.49773563,32.87699287,32.49773563,33.19613006,31.81207437,31.95028341,32.87699287,32.87699287,31.81207437,33.79907597,34.20197596,33.79907597,31.33980512
Pyrrole-2-carboxylic acid,27.57574004,27.86018564,29.70267581,26.66354645,28.94512024,29.43069106,28.94512024,29.01039053,27.86018564,27.86018564,28.47566737,28.7290972,29.29145605
"Pyrrolo[1,2-a]pyrazine-1,4-dione, hexahydro-3-(2-methylpropyl)",18.76457444,19.49088491,17.41764093,22.402594,15.98232908,17.28078417,19.57129551,18.48286187,16.24220675,24.04194282,22.75549521,23.62466954,
"Pyrrolo[1,2-a]pyrazine-3-propanamide, 2,3,6,7,8,8a-hexahydro-1,4-dioxo-",,,,14.01239703,,,,,,,,,
Quazodine,22.53624152,23.80364275,26.04413505,26.57850484,,26.28206297,23.98376459,25.20498336,27.2753631,,,,
"Quinolin-4-one, 1-[2-(3,4-dimethoxyphenyl)ethyl]-octahydro-",22.28851522,22.28851522,24.10765077,,22.94755935,23.42003078,23.07526237,23.25570011,22.33013675,,23.74444185,23.80364275,22.33013675
"Quinoline, 2,4-dimethyl-",16.98686937,16.90563777,16.87569553,16.87569553,17.85876892,17.48622051,17.54931888,16.56790337,16.98686937,20.61673813,21.33613041,20.42013975,
Ribitol,15.09480018,13.13927252,,16.06194833,17.14085734,,16.77457603,,,17.14085734,16.56790337,17.57743461,18.57226331
"Ribonic acid, 2,3,4,5-tetrakis-",25.80227917,23.84973455,23.33029411,23.98376459,24.37092087,26.36753398,24.04194282,26.21598525,26.36753398,24.17944439,26.36753398,26.49293606,22.83610586
S-Methyl-L-cysteine,,,,,,16.81665993,,19.35824174,17.99882248,,,,
Salsoline,14.30432669,15.49775303,16.16132504,,,14.30432669,16.87569553,16.11237077,13.69280971,16.06194833,16.39703374,16.87569553,18.64628422
Sedoheptulose anhydride,24.52717287,24.93979482,25.80227917,24.97491225,23.98376459,26.04413505,25.72031399,24.86888752,24.59328321,,,,
Ser-Leu,20.71110062,22.33013675,10.23485771,22.42689577,,,18.04483532,20.77572438,20.34789494,21.17688986,22.49485295,21.60773185,23.1393374
Serine,31.81207437,32.49773563,32.15862862,32.32461973,31.95028341,32.15862862,32.15862862,32.15862862,32.15862862,34.20197596,,,32.49773563
Sertraline carbamoyl glucuronide,31.13754935,,31.81207437,,32.49773563,32.32461973,31.13754935,,31.95028341,30.44317623,,31.49849295,33.19613006
Sinomenin,,25.15419116,,,25.51261211,26.75956946,,,,,,,
"Spiro[cyclopenta[d]-1,3,2-dioxaborin-4(5H),1'-cyclopentane], 2-ethyl-6,7-dihydro-",18.97831551,,17.05515249,14.75014337,8.883221604,17.31738991,,20.48179996,19.94432887,,16.32186031,,
Spironolactone,,,,0.969938258,,,,,,,,,
Stearic acid,,,,,,,,,,19.71653356,24.97491225,25.92561678,26.95340705
"Stigmast-5-ene, 3beta-",8.573010749,,9.159555793,7.540372322,6.22010192,9.159555793,8.50494288,4.693259947,8.253813679,11.96268871,12.73234495,13.93172834,16.59711905
Suberic acid,,16.43682881,14.47479129,13.0376652,15.49775303,12.55314513,12.79007292,14.14657022,14.01239703,16.28398116,17.8388328,,17.96651419
Succinic anhydride,19.35824174,19.66018227,17.61674658,19.14521329,,18.07980265,18.57226331,18.07980265,18.73320674,19.11935451,18.99912706,19.06460892,
Supraene,,,,,,,,,,13.30049735,13.93172834,,18.92161575
Syringaldehyde,28.09201408,28.62219966,28.47566737,28.36661411,28.7290972,28.83578455,28.47566737,28.94512024,28.36661411,28.7290972,28.83578455,29.70267581,29.56215162
"Tacrine, N-trimethylsilyl-",13.64601031,14.10033979,12.79007292,18.79127911,13.54453767,13.33683832,13.87851901,15.42128805,14.30432669,20.4493694,20.65774951,19.62777339,
"Talonic acid, gamma-lactone",23.1393374,21.50730893,21.23340447,21.60773185,22.33013675,22.49485295,21.98150385,20.73984365,22.22589271,24.93979482,,,23.25570011
Tartronic acid,5.098904124,2.76793541,6.137780903,3.833816876,7.729139871,7.67034095,7.67034095,4.582679869,3.833816876,9.715540004,9.62396472,11.89474969,14.47479129
Tetradecanenitrile,19.58840495,20.9881933,,22.83610586,,,19.17293769,20.85945123,19.32278164,,22.67327129,22.4575415,
"Thiazolo[4,5-f]quinoline, 2,9-dimethyl-",,,18.87681626,19.17293769,,17.57743461,,19.17293769,,,,,
Thymidine,22.72332085,23.37562353,23.5350077,23.80364275,24.32190706,23.95175876,23.62466954,23.37562353,23.84973455,24.86888752,25.72031399,24.65154119,
"Thymine, 1,3-dimethyl-6-(trimethylsilyloxymethyl)-",20.01109978,19.68840792,,21.7176914,,,,,,22.9850993,22.25749244,22.72332085,
Tributyl acetylcitrate,16.39703374,18.21162625,16.84566654,16.28398116,17.8388328,18.64628422,17.79383831,15.84345236,18.76457444,,18.53473038,21.33613041,
Tricine,29.56215162,28.36661411,29.95484878,23.57794782,30.03740544,30.03740544,29.29145605,29.17613373,29.01039053,,,,
Triethanolamine,7.67034095,8.363271461,8.363271461,6.22010192,8.662788628,8.573010749,8.440542694,7.540372322,7.67034095,12.84947271,12.92589364,13.87851901,16.63561972
"Trimethylsilyl (5-benzyl-3,6-dioxopiperazin-2-yl)acetate",4.582679869,,,7.729139871,,7.280859893,,,4.582679869,12.30152493,11.69677011,13.13927252,
Trimethylsilyl 3-((trimethylsilyl)thio)propanoate,16.56790337,13.77610444,16.46168031,9.715540004,10.67225141,14.92780413,13.82550625,,16.20969358,18.21162625,18.55292756,18.76457444,20.18368625
Trimethylsilyl oct-2-enoate ,,,20.51613099,,20.61673813,20.71110062,20.59037001,21.8965442,20.27254369,19.66018227,,17.61674658,
Trimidox,18.61532019,18.45298192,19.4621824,17.54931888,19.22520227,19.40382164,19.52151627,19.62777339,18.39493255,,,,
Tris(trimethylsilyl)carbamate,27.16652458,27.71155154,27.57574004,27.71155154,27.57574004,27.86018564,27.57574004,27.43814941,27.57574004,27.05426917,27.2753631,26.15324352,28.21775233
Trisaminol,13.87851901,,16.63561972,15.23762268,14.41176631,13.97601845,15.63866578,14.04033332,13.38980102,15.01632994,17.07704659,17.37332749,18.14386084
L-Tyrosine,,,,,,,,,,18.64628422,19.58840495,19.66018227,21.47951098
Undecanedioic acid,7.988185873,,,,8.573010749,8.883221604,8.253813679,,,,,,
Uracil,22.0181925,22.13350683,23.57794782,25.20498336,25.15419116,22.94755935,25.15419116,24.72003408,22.9850993,24.72003408,24.32190706,24.52717287,23.74444185
Urea,,24.65154119,21.11201442,22.33013675,21.53093269,21.44949396,22.49485295,21.7176914,20.77572438,22.63210054,23.07526237,23.74444185,21.84962506
Uridine,11.12551377,12.42133566,8.662788628,13.75466115,11.96268871,10.52557169,11.08643122,10.90329381,10.15805866,14.47479129,16.06194833,17.2208583,16.93736323
Valylglycine,20.4493694,21.8965442,18.61532019,22.90589031,,,19.94432887,19.75823651,18.82183412,12.47408576,13.58901481,15.84345236,
Vanillylmandelic acid,,8.221364815,8.158949279,,,,15.98232908,8.158949279,,,,,16.28398116
Xylazine,23.70462984,22.63210054,23.46547128,23.1393374,24.93979482,22.53624152,23.70462984,24.32190706,23.46547128,23.62466954,23.29305796,23.70462984,25.3085066
Xylitol,,21.30209339,22.42689577,18.04483532,16.81665993,,21.84962506,21.98150385,22.07154533,,,,
"Xylonic acid, 2,3,4-tris-O-(trimethylsilyl)-, delta-lactone",12.73234495,12.02659817,14.18900733,9.62396472,13.44670942,13.72493173,13.77610444,13.33683832,11.96268871,16.81665993,17.02517013,17.25041562,17.02517013
Xylose,,,,,7.841057231,,,,,13.69280971,,,17.14085734