,LPS934_150124,LPS935_150124,LPS936_150124,LPS939_150124,LPS940_150124,LPS941_150124,LPS942_150124
,LPS_CTRL,LPS_CTRL,LPS_CTRL,LPS_CTRL,LPS_CTRL,LPS_CTRL,LPS_CTRL
"(2S,3R)-3-[(4E,7E)-Nona-4,7-dienoyl]-N,N-bis(trimethylsilyl)oxirane-2-carboxamide ",10.73675673592559,,,11.49480028335751,11.201351236215332,4.995198132123307,
(6S)-5-Methyltetrahydrofolic acid,,11.040828388455358,,11.720535719767971,,,
"(7a-Isopropenyl-4,5-dimethyloctahydroinden-4-yl)methanol",,,,14.490401175879212,,14.619353023940146,
"(9H-fluoren-9-yl)methanol, O-methoxycarbonyl-",25.733886070721343,25.218309232044735,26.063297596140337,25.89239069626887,25.649318009768667,25.89239069626887,26.063297596140337
(CH3)2C=NC2H558,18.25980209766973,18.166921347306214,18.23352297013859,17.991698030770714,17.949139164396534,18.055156504109046,18.3690399630794
(pm)-alpha-Tocopherol acetate,,0.1880983824887291,,,,2.110156323817304,
(pm)-N-Propylamphetamine,20.09036378450744,20.09036378450744,,,,19.25737478976485,
(pm)-Norketamine,29.238352072002733,28.872137288496553,28.069854863513513,28.872137288496553,28.69205932343602,28.69205932343602,29.238352072002733
(pm)-Phenylpropanolamine,25.02818539784267,21.905338353766723,24.147513775193627,24.031064574266015,25.218309232044735,25.146358600179003,25.146358600179003
"(R*,S*)-2,3-Dihydroxybutanoic acid",13.222275426478378,12.558349168791096,13.065204093676098,,13.528209117301172,,13.49829780339586
"(S,S)-(-)-Hydrobenzoin",18.454744987858543,20.32275264482924,19.890260881943004,19.020461548308315,19.502760599128187,18.090488562238814,17.559826209256997
"1-(1-Hydroxybutyl)-2,5-dimethoxybenzene ",24.635610917928208,22.74862958607471,22.353975239426745,20.120753401201657,19.334680948626016,,
"1-(2,4-Dimethoxyphenyl)-propan-2-one",22.224114931972963,22.224114931972963,22.224114931972963,22.193443929123895,22.224114931972963,22.47529503934578,22.65931446793839
1-(3-Methylphenyl)piperazine,13.891168148120864,13.461033530624888,13.528209117301172,13.675307306116846,13.59624594915852,14.013071079834884,14.619353023940146
1-(4-Hydroxybenzylidene)acetone,13.913914605741516,13.041481057345615,13.891168148120864,,,,
"1-(4-Methoxyphenyl)-4,6-dimethyl-2(1H)-pyrimidinone",,,,,,,16.66661965779107
1-Aminocyclopropanecarboxylic acid,26.69762671536238,26.063297596140337,26.797734594643774,26.159228930846336,26.52855520854456,27.02680591773259,26.69762671536238
"1-Butanamine, N,N-diethyl-",22.598393862165658,22.47529503934578,22.56359367504689,22.56359367504689,22.796146442761906,22.840986177020948,22.796146442761906
"1-Cyclohexanone, 3-butyl-3-methyl-",,,,,,,
1-Cyclopentylethanol,15.235325209078926,15.141463023107024,15.346119239103894,15.18476109763377,15.380862844489004,15.18476109763377,15.575160493216268
"1-Decanol, 2-methyl-",,,,,,,
"1-Decene, 8-methyl-",,,14.752087772759689,,,,
1-Deoxypentitol,8.59654024062566,5.393181344081152,7.812667208585688,7.513676344322467,7.812667208585688,1.871547286033141,5.811666046214308
1-Hexadecanol,,24.420842682655486,23.063208481130555,25.09007350960237,,,
1-Hexanol,12.370355156373494,13.891168148120864,13.42986339642818,14.292486862321748,14.552060430728968,14.152255649751382,13.748842681339172
1-Hydroxy-3-methoxy-6-methylanthraquinone,18.869911261855005,,,19.22452022113705,19.711499117016334,19.609109183006655,19.502760599128187
"1-Methyl-N,N-bis(trimethylsilyl)-4-[(trimethylsilyl)oxy]-1H-imidazol-2-amine",24.29605575603482,23.671892126966217,24.227183213247844,23.84100766691344,24.147513775193627,24.031064574266015,24.227183213247844
1-Monoacetin,15.141463023107024,14.552060430728968,14.998238088725108,14.619353023940146,15.11527821044979,,15.269004118948578
1-Octadecanol,21.333615046969303,20.78363624152755,20.63745154616933,20.95862660182026,20.509063964039218,20.76435026481112,20.70652403920698
"1-Octanol, 2-butyl-",19.105468487746272,19.058882811628965,18.090488562238814,19.126050932747994,19.472135572306875,18.533896246321376,20.76435026481112
1-Octanol,,13.49829780339586,16.877527856843194,12.042568691501256,16.63711902390103,17.53836835865675,18.106264493901307
"1-Octene, 2-methyl-",20.76435026481112,20.55845442615373,20.78363624152755,20.93520637827217,21.54386640326624,21.6966345902473,21.6966345902473
"1-Pentene, 3,3-dimethyl-",,,,,23.010471096813916,,
1-Phenethylamine,,15.47565088487921,15.380862844489004,,16.084896995129284,15.312547505609944,16.929851167408263
"1-Phenyl-1,2-ethanediol",21.7341905365644,22.440816535715413,21.030106292306463,22.440816535715413,22.840986177020948,22.65931446793839,22.840986177020948
1-Phenylethanol,,,,,,,
"1-Piperazineethanol, 4-dibenzo[b,f][1,4]thiazepin-11-yl-",19.941210036296916,20.00421859393871,20.141901696274363,20.06752661923205,20.120753401201657,20.244443236432396,20.509063964039218
"1-Propanamine, N,N-diethyl- ",23.74789648055234,23.22520097573037,23.57691282834654,23.472991186892394,23.57691282834654,23.74789648055234,23.935065827114933
1-Tetradecanol,,,,24.635610917928208,,24.726713982736264,
"1,1'-Biphenyl, 3,4-diethyl-",,11.828717776324709,,,12.24454968061804,9.32247664136034,11.720535719767971
"1,2-Benzenedicarboxylic acid",25.649318009768667,25.02818539784267,25.310299337214335,25.218309232044735,25.310299337214335,25.733886070721343,25.733886070721343
"1,2-Butadiene, 1,1,4-triphenyl-3-trimethylsilyl-4-trimethylsilyloxy-",14.943682147641203,12.6112164748792,14.013071079834884,14.430528344948982,,,15.141463023107024
"1,2-Butanediol",,,,23.74789648055234,,,
"1,2-Cyclohexanedicarboxylic acid, dinonyl ester",,,,,,,
"1,2-Dimethoxy-4-(1-methoxyethenyl)benzene",17.949139164396534,17.781731687079574,18.017886837314297,17.81089621584801,18.143837074389328,,
"1,2,2-Trimethyl-1-aza-spiro[2.3]hexane",14.788616304854807,17.04383956035372,16.05146968711222,16.929851167408263,16.929851167408263,,
"1,2,3-Butanetriol",21.94867132520068,,,,,,
"1,2,3,10,11,11a-Hexahydro-6,7,8-trimethoxy-3-oxo-5H-dibenzo(a,d)cycloheptene",,,,18.898415848579702,19.105468487746272,20.63745154616933,19.058882811628965
"1,3-bis[(Trimethylsilyl)ethynyl]benzene",21.6966345902473,21.498282881834267,21.60303716762508,21.107926350012935,21.60303716762508,20.93520637827217,21.862591332577495
"1,3-Cyclohexanebis(methylamine)",,,,,,,
"1,3-Dioxane-4-methanol, 4,5-dimethyl-",,,,14.059922412209753,,,
"1,3,5-Benzetriol",13.065204093676098,12.670912522360265,12.725160801754702,13.24994391631572,,13.222275426478378,12.834100885217344
"1,3,5-Trimethyl-1H-pyrazol-4-amine",14.323379159834346,12.370355156373494,13.49829780339586,13.636023727057657,13.891168148120864,13.675307306116846,13.782812412194746
"1,4-Butanediol",,,,12.880164910244089,,13.56765366545952,13.065204093676098
"1,4-diazabicyclo[4.3.0]nonan-2,5-dione, 3-methyl ",,,15.724511716263482,15.686937837411056,,,14.348494531067534
"1,4-Dioxaspiro[4.5]decane",,,,,,18.333929933738744,
"1,5-Anhydroglucitol",17.09923478505566,,16.76200136715396,16.566438106796436,16.709726396283557,16.709726396283557,14.862855710459607
10-Heptadecenoic acid,,,,,,,
10-Nonadecenoic acid,,,,,,,
12-Hydroxyoctadecanoic acid,17.114183773228714,,,,,,
12-Oxooctadecanoate,14.465520129018287,13.782812412194746,13.782812412194746,,14.619353023940146,14.730320234213943,14.752087772759689
13-Docosenamide,22.720350354123173,15.766068583211416,23.118306937351633,23.344749452115913,23.118306937351633,23.118306937351633,23.22520097573037
"15-Oxo-11Z,13E-eicosadienoic acid",7.069092399010867,3.937833048366117,6.290750668388143,6.107075453336219,4.800901566279711,6.290750668388143,3.78750854724964
"1H-Inden-1-one, 2,3-dihydro-7-hydroxy-3-methyl- ",,,,,,,
"1H-Indole, 1-(trimethysilyl)-2,5-bis[(trimethylsilyl)oxy]-",15.219588933096055,14.815147810338155,15.766068583211416,15.724511716263482,15.870275691446134,14.348494531067534,15.724511716263482
"1H-Pyrazole, 3,4-bis(trimethylsilyl)-",16.13518381011161,15.82850657642506,15.446974421544343,14.919725821338377,15.82850657642506,14.943682147641203,15.766068583211416
"2-(2,5-Dimethoxy-phenyl)-propionaldehyde",18.727817380886396,17.45786157605499,17.273225108725565,17.371018503916922,17.114183773228714,16.962575204684594,17.45786157605499
2-(Bis[2-(trimethylsilyl)oxyethyl]amino)acetic acid,,12.524708235523146,13.24994391631572,,14.323379159834346,11.5631304854104,14.649709839260863
"2-(Decanoyloxy)propane-1,3-diyl dioctanoate",,3.1640226570575436,5.811666046214308,5.594142138211759,,,
"2-Acetyl-3-(1-methyl-2-pyrrolyl)-1,4-benzenediol",,,,,,,15.656157307736098
2-Acetyl-5-chloro-3-methylbenzo(b)thiophene,8.148861193684956,4.800901566279711,7.945928239019066,7.241913292561206,7.717641761282999,6.726464603152869,4.995198132123307
"2-Allyl-1,4-dimethoxybenzene",13.13060479686099,12.462841640750415,12.880164910244089,12.670912522360265,12.880164910244089,12.524708235523146,11.970486105156455
2-Amino-4-methylphenol,20.476145489994597,15.870275691446134,17.192537339856393,18.958301595420423,18.65252037897206,16.995291158035354,16.525875643391053
"2-Amino-4,6-dihydroxypyrimidine",17.424012195622726,17.991698030770714,18.166921347306214,17.7463755867192,17.344185455546032,17.703418217764124,17.625824872495848
2-Aminoadipic acid,,,17.651854657144046,16.13518381011161,,,16.962575204684594
2-Aminobutanoic acid,,,,18.46109878689679,,,
2-Butenedioic acid,23.57691282834654,22.949530909206754,24.726713982736264,23.17018669330556,22.74862958607471,21.498282881834267,23.118306937351633
"2-Butenoic acid, 2-[(trimethylsilyl)oxy]-",,,,,,,
2-Ethyl-3-hydroxypropionic acid,13.847040903392992,13.065204093676098,13.56765366545952,13.56765366545952,13.675307306116846,13.891168148120864,13.847040903392992
2-Furoic acid,,,,12.961931449486674,,,
"2-Heptanone, 4,6-dimethyl-",,,,,,,
2-Heptenoic acid,13.96924170981863,13.176874231686684,13.374205489946444,13.528209117301172,13.49829780339586,,14.228627663907089
2-Hexen-1-ol,19.334680948626016,19.126050932747994,19.020461548308315,19.334680948626016,18.77420476069013,19.15908542158428,19.25737478976485
"2-Hexenoic acid, 2-[(trimethylsilyl)oxy]-",10.57014799931089,8.318873123770363,9.454993044089928,9.970680084595417,10.20153771961951,9.970680084595417,10.034935893281702
2-Hydroxy-2-methylbutyric acid,16.421620061298835,16.021468077829528,15.961734109060323,15.656157307736098,15.766068583211416,15.604345428155083,15.604345428155083
2-Hydroxy-3-methylbutyric acid,23.063208481130555,23.57691282834654,24.031064574266015,,,,23.671892126966217
2-Hydroxy-5-methoxybenzaldehyde,22.281792559081644,22.066351243822965,21.94867132520068,21.905338353766723,21.79398174680801,22.193443929123895,22.224114931972963
2-Hydroxybutyric acid,19.058882811628965,18.991881690867665,18.106264493901307,,18.3690399630794,18.65252037897206,
2-Imidazolidinone,,,,,,,
2-Isopropyl-5-methyl-1-heptanol ,,19.020461548308315,,,,,
2-Ketoisocaproic acid,15.575160493216268,14.943682147641203,15.269004118948578,15.219588933096055,15.312547505609944,15.235325209078926,
2-Methyl-4-pentenoic acid,12.670912522360265,11.970486105156455,12.670912522360265,12.4163062538247,,12.834100885217344,14.292486862321748
2-Methyl-E-7-hexadecene,,,,,,,12.932390640469553
2-Methylglutaconic acid,19.08619115789176,18.77420476069013,19.664360450204494,19.711499117016334,18.668616033382637,19.890260881943004,19.126050932747994
2-Naphthol,16.877527856843194,16.386809500506814,16.63711902390103,16.29914497976637,16.614519193130647,16.24231347994667,17.04383956035372
2-Oxooctanoic acid,,,,,,18.479534448661955,
"2-Pentenedioic acid, 3-methyl-",,,11.276150803799354,,11.828717776324709,,
2-Pentenoic acid,,24.09133707451291,24.420842682655486,,,22.598393862165658,24.726713982736264
2-Piperidinone,,17.273225108725565,17.344185455546032,,,,
"2-Propanone, bis(1-methylethyl)hydrazone",,,,,21.582656213275698,,
"2-Propenamide, 3-phenyl-N-2-propenyl-",18.106264493901307,,18.958301595420423,17.88215541922346,,18.25980209766973,18.29854964502514
"2-Propenoic acid, 2-[(trimethylsilyl)oxy]-3-[4-[(trimethylsilyl)oxy]phenyl]-",,,,,,,
"2-Propenoic acid, 2,3,3-tris[(trimethylsilyl)oxy]-",,,,,,,
2-Pyrrolidinone,18.479534448661955,18.25980209766973,18.25980209766973,18.454744987858543,18.090488562238814,18.421033656005825,18.479534448661955
2-Trimethylsilyloxysebacic acid,,,,,,,0.3664384030384452
"2,2-Diallylpyrrolidine",14.694164427312009,16.24231347994667,17.09923478505566,,14.465520129018287,17.09923478505566,
"2,2,4-Trimethyl-1,3-pentanediol diisobutyrate",11.276150803799354,9.970680084595417,10.42475804256084,10.96388569258036,11.276150803799354,11.07113209344141,11.13559230666332
"2,2,8,8-Tetramethyl-3,7-dioxa-4-aza-2,8-disilanon-4-ene",,18.143837074389328,17.991698030770714,17.53836835865675,,,16.29914497976637
"2,2'-Biphenyldiol",,,,,,,
"2,3-Butanediol",19.78682598153676,20.141901696274363,19.609109183006655,20.00421859393871,19.664360450204494,20.00421859393871,19.87729458370319
"2,3,4-Trihydroxybutyric acid tetrakis",12.794082492270237,12.483235929365758,12.794082492270237,12.794082492270237,12.834100885217344,13.13060479686099,11.788039969790097
"2,3,4,5-Tetrahydroxypentanoic acid-1,4-lactone",18.166921347306214,,,,19.824517331301767,20.43287181359031,
"2,4-Decadienal",14.862855710459607,13.96924170981863,14.348494531067534,17.114183773228714,16.995291158035354,17.13368947096366,17.230369448830665
"2,4-Diamino-6,7-dimethylpteridine",17.781731687079574,17.625824872495848,17.7463755867192,15.870275691446134,17.53836835865675,17.344185455546032,17.924709132579636
"2,4-Imidazolidinedione, 5,5-dimethyl-",,12.042568691501256,,,14.348494531067534,14.253764611583724,14.552060430728968
"2,5-Cyclohexadiene-1,4-dione, 2,6-bis(1,1-dimethylethyl)-",18.585839387813134,18.29854964502514,18.421033656005825,18.166921347306214,17.924709132579636,17.924709132579636,18.533896246321376
"2,5-di-tert-Butyl-1,4-benzoquinone",13.011469134353735,,,,15.446974421544343,11.613792463879406,
"2,5-Di-tert-butyl-4-((trimethylsilyl)oxy)phenol",24.147513775193627,24.147513775193627,24.29605575603482,24.147513775193627,24.635610917928208,24.635610917928208,24.635610917928208
"2,5-Di-tert-butylhydroquinone",21.107926350012935,20.352665999161427,,20.476145489994597,,,20.352665999161427
"2,5-Dimethoxy-4-(n)-propylphenethylamine",,,,22.720350354123173,19.87729458370319,,
"2,5-Dimethoxy-4-methylamphetamine",30.061915978081107,30.061915978081107,30.061915978081107,29.61947145856268,29.07399956064662,29.238352072002733,29.07399956064662
"2,5-Dimethoxybenzhydrazide",20.55845442615373,20.120753401201657,20.244443236432396,19.941210036296916,19.914731362294397,19.824517331301767,19.78682598153676
"2,5-Dimethoxybenzonitrile",20.95862660182026,,,18.668616033382637,,19.399512994492387,19.334680948626016
"2,5-Dimethoxymandelic acid",14.013071079834884,10.830170291089612,13.011469134353735,9.721954700053711,,12.725160801754702,13.041481057345615
"2,5-Dimethoxyphenol",22.796146442761906,22.796146442761906,22.796146442761906,22.65931446793839,22.281792559081644,22.720350354123173,22.720350354123173
"2,5-Dimethyl-1-aza-bicyclo[2.2.1]heptane",19.890260881943004,,20.70652403920698,,19.78682598153676,,
"2,5-Piperazinedione, 3-(phenylmethyl)-",,22.840986177020948,,,22.65931446793839,,
"2,5-Piperazinedione, 3-benzyl-6-isopropyl-",10.87206173492296,9.454993044089928,10.28845455717655,10.66026672723754,11.040828388455358,10.830170291089612,10.73675673592559
"2,5-Piperazinedione, 3-methyl-6-(phenylmethyl)-",,17.230369448830665,17.144878353273192,,,17.625824872495848,17.81089621584801
"2,6-Bis[2-[2-S-thiosulfuroethylamino]ethoxy]pyrazine",5.594142138211759,0.8469290440856232,,3.1640226570575436,5.594142138211759,3.78750854724964,1.871547286033141
"2,6-Dimethoxybenzylamine",20.43287181359031,,,20.09036378450744,,,
"2,6-Dimethoxyhydroquinone",,,,,,,
"2,6-Dimethyl-N-[3-(trimethylsilyl)-1,3-thiazinan-2-ylidene]aniline",18.421033656005825,17.703418217764124,18.333929933738744,18.479534448661955,17.81089621584801,18.898415848579702,18.090488562238814
"2,6,10-Trimethyltridecane",,,,,,18.68550963084712,
2'-Deoxyribolactone,16.488906932731677,16.13518381011161,,,,,
"2',2,3,6'-Tetramethoxychalcone",,22.598393862165658,22.47529503934578,22.598393862165658,22.193443929123895,22.796146442761906,19.56393091245075
3-(2-Hydroxyethyl)imidazole-2-thione,17.625824872495848,16.614519193130647,17.313809412987947,16.709726396283557,18.017886837314297,16.794919963946764,18.017886837314297
"3-(3-Cyclohexylaminopropionylamino)-5-ethylthiophene-2-carboxylic acid, ethyl ester",,,21.64857910640485,19.636106587457395,20.93520637827217,22.14287226674363,21.60303716762508
3-Amino-2-piperidone,17.45786157605499,17.09923478505566,17.781731687079574,17.651854657144046,17.88215541922346,18.3690399630794,18.869911261855005
3-Amino-5-morpholinomethyl-2-oxazolidinone,12.558349168791096,11.49480028335751,12.143927090125931,12.107057376568145,12.143927090125931,13.176874231686684,
3-Aminobenzoic acid,,,22.281792559081644,,,22.74862958607471,22.56359367504689
3-Aminobutanoic acid,19.502760599128187,19.78682598153676,19.914731362294397,19.609109183006655,19.890260881943004,19.78682598153676,20.120753401201657
"3-Buten-2-one, 3-trimethylsilyloxy-",21.54386640326624,21.28268807995203,21.333615046969303,21.498282881834267,21.107926350012935,21.862591332577495,21.448148921534607
"3-Buten-2-one, 4-(4-methoxyphenyl)-",20.63745154616933,20.20731930458006,20.352665999161427,20.244443236432396,20.17005071405279,20.120753401201657,19.711499117016334
"3-Cyclohexyl-L-alanine amide, N,N,N'N'-tetramethyl-",25.146358600179003,24.545543010854185,24.810399513119197,24.810399513119197,25.146358600179003,25.649318009768667,25.218309232044735
3-Ethylphenol,17.924709132579636,,,,,,
3-Hexenedinitrile,18.68550963084712,18.46109878689679,18.585839387813134,18.533896246321376,18.205895429894632,18.668616033382637,18.80431142330841
"3-Hydroxy-2,3-dihydromaltol",10.51436035728076,8.59654024062566,10.830170291089612,10.28845455717655,10.57014799931089,10.034935893281702,9.721954700053711
3-Hydroxybutyric acid,26.797734594643774,26.93533286407581,26.93533286407581,26.340965177555383,26.063297596140337,26.52855520854456,26.340965177555383
3-Hydroxyisovaleric acid,14.752087772759689,13.71682792615412,14.228627663907089,14.013071079834884,14.490401175879212,14.292486862321748,14.694164427312009
3-Indoleacetic acid,15.419306692403913,16.794919963946764,16.822667098575153,16.877527856843194,17.625824872495848,17.781731687079574,17.53836835865675
3-Indolepropionic acid,,,,,,,
"3-Methoxyamphetamine, 4-Trimethylsilyloxy, N,N-bis(Trimethylsilyloxy)-",28.872137288496553,28.27615069834751,28.69205932343602,28.69205932343602,28.27615069834751,28.576111494691126,28.27615069834751
3-Methoxysalicylic acid,,,,26.93533286407581,25.494750007681677,27.164444458623144,
"3-Methyl-1-(tetrahydropyrrolo[1,2-c]oxazol-3-ylidene)-butan-2-one",,,22.949530909206754,,,,
3-Methyl-2-butanol,,11.911866062888055,,,,,15.446974421544343
"3-Methyl-2-butenoic acid, tridec-2-ynyl ester",23.26863866572335,23.118306937351633,23.22520097573037,23.411235705650597,23.472991186892394,23.472991186892394,
3-Methyladenine,15.766068583211416,15.11527821044979,15.419306692403913,15.235325209078926,15.47565088487921,16.66661965779107,15.530700807411732
"3-Methylpiperazine-2,5-dione, (R)-",,,,,,,
3-Methylvaleric acid,16.24231347994667,15.575160493216268,16.21186793109647,15.446974421544343,15.686937837411056,15.724511716263482,15.82850657642506
3-Nonen-1-ol,19.44130522660521,19.25737478976485,19.25737478976485,19.200219246737284,19.15908542158428,18.7042655624214,
3-Ureidopropionic acid,3.937833048366117,2.110156323817304,6.726464603152869,5.393181344081152,6.107075453336219,7.069092399010867,0.9060298943741408
"3,4-Dihydrocoumarin, 4,4-dimethyl-6-dimethylamino-",,16.877527856843194,17.703418217764124,16.614519193130647,16.566438106796436,16.421620061298835,17.144878353273192
"3,4-Dihydroxymandelic acid, ethyl ester",15.075807424027357,18.585839387813134,15.010558000816388,18.25980209766973,18.991881690867665,18.166921347306214,18.77420476069013
"3,4-dimethyl-5-(3,4-methylenedioxy)phenyloxazolidine",24.420842682655486,23.84100766691344,25.02818539784267,25.02818539784267,21.41612391182991,25.82955770303861,22.14287226674363
"3,4,5-Trihydroxypentanoic acid, tetrakis(trimethylsilyl)-",9.24621926897684,,,,10.51436035728076,9.721954700053711,9.041501334628126
"3,5-Di-tert-butyl-2-trimethylsilyloxybenzaldehyde",,,,,,,
"3,5-di-tert-Butyl-4-hydroxyacetophenone",18.46109878689679,18.3690399630794,,18.507257630888887,,17.7463755867192,18.68550963084712
"3,5-Dimethyl-1,4-diallylpyrazole",22.10541450010242,21.15716649190108,21.448148921534607,21.582656213275698,20.76435026481112,20.70652403920698,21.81796830493706
"3,5-Dimethylpyrazole",15.47565088487921,14.752087772759689,15.093810561419048,15.010558000816388,15.141463023107024,15.075807424027357,15.380862844489004
3'-(Trimethylsilyl)oxy-beta-naphthoflavone,,,16.488906932731677,17.273225108725565,,,
3'-Hydroxyacetophenone,,15.219588933096055,,,,,
"3beta-TRIMETHYLSILOXY-5alpha,6alpha-EPOXYCHOLESTANE",4.995198132123307,0.9060298943741408,,1.3516626244187164,5.393181344081152,2.387815451593171,0.9997539761650648
"3beta,4beta-Bis(trimethylsiloxy)cholest-5-ene",7.812667208585688,4.995198132123307,7.513676344322467,6.726464603152869,8.318873123770363,8.734500306625334,7.241913292561206
4-(Methoxycarbonyl)phenol,17.192537339856393,16.929851167408263,17.559826209256997,17.09923478505566,18.507257630888887,17.81089621584801,16.709726396283557
"4-(tert-Butylamino)-6-ethylamino-5H-1,3,5-triazin-2-one",,,16.182276188483552,15.961734109060323,,,
4-(Trimethylsilyoxy)-3-penten-2-one,21.38730319946166,20.95862660182026,21.107926350012935,20.55845442615373,20.78363624152755,21.28268807995203,21.15716649190108
"4-[2-(4,7-Dimethoxy-2H-1,3-benzodioxol-5-yl)ethenyl]-2-methoxyphenol",,,,,,,
4-Cumylphenol,15.82850657642506,,,,15.724511716263482,,15.792674009199834
"4-Fluoroaniline, N-trimethylsilyl-",22.066351243822965,21.94867132520068,21.79398174680801,21.862591332577495,21.6966345902473,22.10541450010242,22.281792559081644
4-Hydroxy-5-(hydroxymethyl)oxolan-2-one,19.15908542158428,19.914731362294397,19.310092835187874,19.502760599128187,19.25737478976485,20.17005071405279,18.507257630888887
4-Hydroxybenzaldehyde,17.13368947096366,16.995291158035354,16.995291158035354,17.230369448830665,17.077149231864347,17.04383956035372,17.651854657144046
4-Hydroxybenzeneacetic acid,12.4163062538247,11.201351236215332,12.834100885217344,12.370355156373494,12.524708235523146,12.462841640750415,11.49480028335751
4-Hydroxybenzoic acid,18.090488562238814,17.371018503916922,18.205895429894632,18.106264493901307,17.192537339856393,18.29854964502514,17.424012195622726
4-Hydroxybutanoic acid,20.509063964039218,21.333615046969303,19.83768566431123,20.509063964039218,19.2853235586687,,
4-Hydroxyphenyllactic acid,18.507257630888887,18.454744987858543,18.055156504109046,18.80431142330841,18.585839387813134,18.46109878689679,18.852061345687975
4-Methoxyphenol,20.06752661923205,19.890260881943004,19.67504125804678,19.83768566431123,19.44130522660521,19.941210036296916,20.09036378450744
"4-Methylethcathinone, N-acetyl-",,,,,17.273225108725565,,
4-Methylvaleric acid,17.504116102703225,17.53836835865675,17.625824872495848,17.45786157605499,17.313809412987947,17.424012195622726,17.991698030770714
4-Pyridinol,28.69205932343602,28.576111494691126,28.175537437854928,28.44829764163176,27.952902679288968,28.27615069834751,28.175537437854928
"4,4,5,8-Tetramethyl-chroman-2-one",,,,,,,
5-(2-Aminopropyl)-2-methylphenol,,21.030106292306463,20.509063964039218,,,20.286589146379004,
5-Aminovaleric acid,,,,,,,
"5-Androsten-17alpha-methyl-3beta,17beta-diol",11.788039969790097,,12.462841640750415,11.5631304854104,,12.670912522360265,11.201351236215332
"5-Cholesten-3beta, 7alpha-bis[(trimethylsilyl)oxy]- ",17.077149231864347,16.525875643391053,16.29914497976637,16.21186793109647,16.05146968711222,15.656157307736098,16.76200136715396
5-Ethyluracil,,18.205895429894632,,,18.055156504109046,18.205895429894632,18.46109878689679
5-Henicosylresorcinol,14.619353023940146,13.636023727057657,14.430528344948982,14.152255649751382,14.292486862321748,14.694164427312009,14.815147810338155
5-Hydroxy-L-tryptophan,,20.43287181359031,,,,,
5-Hydroxyquinoline,7.513676344322467,5.594142138211759,,8.148861193684956,8.148861193684956,7.717641761282999,7.069092399010867
5-Hydroxytryptophan,16.614519193130647,16.29914497976637,16.46077687042295,16.182276188483552,16.525875643391053,16.182276188483552,16.877527856843194
5-Methyluridine,,27.56535684698739,,,27.31927038955885,,
"5,10-Diethoxy-2,3,7,8-tetrahydro-1H,6H-dipyrrolo[1,2-a:1',2'-d]pyrazine ",,,,,,,8.734500306625334
"5,6-Dihydro-5-methyluracil",,,19.2853235586687,18.585839387813134,18.46109878689679,18.454744987858543,18.65252037897206
"5,6-Dimethyl-4-phenyl-3-cyanopyridine-2(1H)-thione",,,,18.92908749132145,18.421033656005825,17.88215541922346,19.824517331301767
"5alpha-Pregnane-3,20-dione",16.386809500506814,,,16.24231347994667,,,
6-Hydroxyflavone-beta-D-glucoside,,,,,,19.914731362294397,
6-Hydroxyflavone,29.61947145856268,,,,,,
"6-Methoxy-1-methyl-1,2,3,4-tetrahydroisoquinolin-7-ol ",21.216451053800142,,20.95862660182026,22.353975239426745,22.14287226674363,,
"6,7,4'-Trihydroxyisoflavone",12.6112164748792,10.73675673592559,11.49480028335751,,11.911866062888055,12.107057376568145,11.387260509418123
"6,8-Dioxapentadecane",,,6.107075453336219,,7.513676344322467,,5.393181344081152
"7-(Trimethylsilyl)-2,6-bis[(trimethylsilyl)oxy]-7H-purine",,,,,,,
7-(Trimethylsilyl)amino-4-methylcoumarin,14.348494531067534,13.748842681339172,,,15.18476109763377,14.998238088725108,14.490401175879212
"7-Acetyl-6-ethyl-1,1,4,4-tetramethyltetralin ",18.017886837314297,19.44130522660521,18.77420476069013,21.030106292306463,19.77525197203501,18.852061345687975,20.141901696274363
"7-Isoquinolinol, 1,2,3,4-tetrahydro-1-[(4-hydroxyphenyl)methyl]-6-methoxy-",24.545543010854185,24.031064574266015,24.881535840300593,23.935065827114933,24.227183213247844,23.84100766691344,24.031064574266015
"7-Keto-3alpha,12-alpha-dihydroxycholanic acid",,,,15.093810561419048,,,13.675307306116846
"7,9-Di-tert-butyl-1-oxaspiro(4,5)deca-6,9-diene-2,8-dione",23.22520097573037,22.720350354123173,22.598393862165658,23.22520097573037,23.22520097573037,23.22520097573037,24.147513775193627
8-Heptadecene,,,,,,,
8-Hydroxy-5-(hydroxymethyl)quinoline,,,,,,,
9-Hexadecenoic acid,22.949530909206754,22.14287226674363,22.65931446793839,21.38730319946166,21.498282881834267,,21.107926350012935
9-Octadecenamide,,23.26863866572335,24.635610917928208,21.7341905365644,,24.147513775193627,21.28268807995203
9-Octadecenoic acid,3.78750854724964,0.9778951007231071,3.1640226570575436,1.871547286033141,4.995198132123307,3.1640226570575436,0.8469290440856232
"9,12-Octadecadienoic acid",16.29914497976637,12.932390640469553,15.11527821044979,10.034935893281702,,,
"9(E),11(E)-Conjugated linoleic acid",5.811666046214308,3.78750854724964,,,7.241913292561206,6.107075453336219,
"9H-Fluorene, 9-methylene-",15.380862844489004,14.619353023940146,14.862855710459607,,,,15.419306692403913
9H-Purin-6-ol,,,,,,,
"9H-Purine, 9-(trimethylsilyl)-2,6,8-tris[(trimethylsilyl)oxy]-",13.59624594915852,13.913914605741516,14.323379159834346,14.253764611583724,14.649709839260863,15.419306692403913,12.483235929365758
"Acetamide, 2,2,2-trifluoro-",19.609109183006655,19.200219246737284,19.126050932747994,19.44130522660521,19.310092835187874,19.020461548308315,19.472135572306875
"Acetamide, N,N-diethyl-",21.498282881834267,21.216451053800142,21.28268807995203,21.216451053800142,21.030106292306463,21.333615046969303,21.216451053800142
"Acetic acid, bis[(trimethylsilyl)oxyl]-",22.440816535715413,22.353975239426745,22.412073845404603,22.412073845404603,22.56359367504689,22.949530909206754,22.74862958607471
"Acetin, bis-1,3-trimethylsilyl ether",11.387260509418123,9.85103396981702,10.73675673592559,,11.49480028335751,11.387260509418123,10.96388569258036
Acetoacetic acid,,11.788039969790097,12.524708235523146,12.524708235523146,,12.961931449486674,12.670912522360265
"Acetohydrazide, 2-(2-isopropyl-5-methylphenoxy)-N2-benzylideno-",,,,,,,
Aceturic acid,10.66026672723754,10.28845455717655,,10.87206173492296,11.387260509418123,11.828717776324709,10.66026672723754
Aconitic acid,,,,,,,14.152255649751382
Adipoyl-L-carnitine,,,,,,,
Albizziin,,,,,,22.066351243822965,
Alloxanic acid,,15.8994481652192,,17.781731687079574,16.66661965779107,,
Allylescaline ,25.82955770303861,24.227183213247844,25.146358600179003,24.420842682655486,24.726713982736264,24.420842682655486,24.881535840300593
alpha-D-Mannopyranose,7.717641761282999,,,,,,
"alpha-L-Galactopyranoside, methyl 6-deoxy-, (R,R,R,S,S)-",,,,,15.530700807411732,,17.077149231864347
alpha-Linolenic acid,15.446974421544343,15.093810561419048,15.141463023107024,14.943682147641203,14.815147810338155,,14.323379159834346
alpha-Tocopherol,12.725160801754702,11.720535719767971,12.107057376568145,12.24454968061804,14.059922412209753,13.96924170981863,13.176874231686684
Ammeline,31.85347906166905,31.85347906166905,31.85347906166905,31.85347906166905,31.85347906166905,31.85347906166905,31.85347906166905
"androst1-2,4,6,16-tetraene-3,6,17-triol",,,,,,,
Arabinaric acid,,,9.970680084595417,10.20153771961951,11.970486105156455,,
"Arabinofuranose, 1,2,3,5-tetrakis-O-",16.929851167408263,16.421620061298835,16.386809500506814,16.66661965779107,16.46077687042295,16.566438106796436,17.371018503916922
"Arabinonic acid, 2,3,5-tris-O-(trimethylsilyl)-, gamma-lactone",,,,,,,
Arachidonic acid,6.726464603152869,1.871547286033141,5.594142138211759,4.995198132123307,6.726464603152869,5.811666046214308,2.7079048719594354
Arsenous acid,16.962575204684594,,13.041481057345615,,14.152255649751382,,
Aspartic acid,,29.61947145856268,29.61947145856268,29.238352072002733,29.61947145856268,29.61947145856268,
Atrazine desethyl,23.344749452115913,23.411235705650597,23.26863866572335,22.224114931972963,21.28268807995203,21.54386640326624,20.95862660182026
Azatadine,13.528209117301172,12.794082492270237,13.176874231686684,12.932390640469553,13.222275426478378,13.24994391631572,12.6112164748792
"Azetidine, 1-acetyl-2-methyl-",26.340965177555383,,,25.649318009768667,,,
"Aziridine, 1-(2-buten-2-yl)-",,24.810399513119197,23.84100766691344,,25.82955770303861,27.56535684698739,26.52855520854456
"Benzaldehyde, 2,5-dimethyl-",,,,,,,
"Benzene, 1-acetoxy-2,6-dimethoxy-4-(2-propenyl)-",14.998238088725108,,,,15.346119239103894,,15.686937837411056
"Benzene, 1,1'-(1,2-cyclobutanediyl)bis-",17.7463755867192,19.15908542158428,17.504116102703225,19.399512994492387,18.29854964502514,16.3508671424019,19.74128457161686
"Benzene, 1,3-bis(1,1-dimethylethyl)-",19.914731362294397,19.824517331301767,19.44130522660521,19.824517331301767,19.74128457161686,20.06752661923205,20.06752661923205
"Benzene, 3-cyclohexen-1-yl-",16.63711902390103,17.504116102703225,16.962575204684594,18.421033656005825,15.075807424027357,17.371018503916922,18.055156504109046
"Benzene, 4-ethenyl-1,2-dimethoxy-",13.461033530624888,13.675307306116846,13.222275426478378,13.49829780339586,13.374205489946444,13.49829780339586,13.374205489946444
Benzeneacetamide,,,21.7341905365644,21.6966345902473,20.20731930458006,,20.43287181359031
Benzeneacetic acid,13.42986339642818,12.880164910244089,13.59624594915852,13.461033530624888,13.847040903392992,13.636023727057657,12.725160801754702
"Benzeneethanamine, N-[(pentafluorophenyl)methylene]-4-[(trimethylsilyl)oxy]-",22.14287226674363,22.412073845404603,,22.74862958607471,,22.353975239426745,22.013747765181325
"Benzenemethanamine, 2,3-dimethoxy-",17.04383956035372,16.76200136715396,17.04383956035372,16.76200136715396,17.144878353273192,16.929851167408263,17.313809412987947
"Benzenepropanoic acid, 3,5-bis(1,1-dimethylethyl)-4-hydroxy-",,20.476145489994597,,,,,
Benzenepropanoic acid,21.905338353766723,21.64857910640485,22.14287226674363,22.066351243822965,21.905338353766723,20.20731930458006,21.79398174680801
"Benzimidazole, 5-trifluoromethyl-2-methyl-",16.21186793109647,15.724511716263482,15.994603030384754,15.766068583211416,16.182276188483552,16.13518381011161,16.182276188483552
"Benzo[b]fluorene, 5-amino-7-methyl-1,2,3,4,6,7,8,9-octahydro-11-thia-10-aza-",13.782812412194746,,13.13060479686099,12.558349168791096,,12.932390640469553,
"Benzoic acid, methyl ester",,18.7042655624214,19.105468487746272,17.924709132579636,,18.017886837314297,
"Benzoic acid, pentadecyl ester",15.686937837411056,15.446974421544343,15.604345428155083,15.380862844489004,15.656157307736098,15.575160493216268,15.870275691446134
Benzoic Acid,17.559826209256997,17.559826209256997,17.230369448830665,17.04383956035372,17.424012195622726,17.114183773228714,18.421033656005825
Benzoin,18.65252037897206,18.533896246321376,17.424012195622726,16.386809500506814,,,
Benzophenone,15.053920839081297,14.430528344948982,14.619353023940146,14.649709839260863,14.919725821338377,14.752087772759689,15.11527821044979
Benzyl alcohol,23.411235705650597,23.010471096813916,23.411235705650597,22.949530909206754,23.935065827114933,23.671892126966217,23.472991186892394
"beta-d-Fructopyranose, 1-deoxy-1-(4-morpholinyl)-2,3,4,5-tetrakis-O-(trimethylsilyl)-",,,,,,,12.462841640750415
"beta-D-Galactofuranose, 1,2,3,5,6-pentakis-O-(trimethylsilyl)-",11.201351236215332,10.20153771961951,10.87206173492296,11.13559230666332,11.613792463879406,10.87206173492296,10.87206173492296
beta-D-Glucopyranose,5.393181344081152,2.387815451593171,4.995198132123307,3.937833048366117,7.069092399010867,,4.800901566279711
beta-Hydroxypyruvic acid,15.656157307736098,15.656157307736098,12.24454968061804,12.143927090125931,13.176874231686684,12.769065585363649,11.613792463879406
beta-Lyxopyranose,12.961931449486674,12.725160801754702,12.961931449486674,12.725160801754702,13.24994391631572,12.794082492270237,12.143927090125931
beta-Methylphenethylamine,15.18476109763377,15.380862844489004,15.47565088487921,15.604345428155083,,15.010558000816388,
 5-Hydroxyhexanoic acid,7.241913292561206,,,7.812667208585688,9.454993044089928,7.945928239019066,6.290750668388143
Bis(trimethylsilyl)acetylene,31.58604041898332,31.58604041898332,31.58604041898332,31.58604041898332,31.58604041898332,31.58604041898332,31.58604041898332
Bis(trimethylsilyl)histidine,19.200219246737284,19.22452022113705,18.991881690867665,18.65252037897206,18.106264493901307,18.40070903119467,18.898415848579702
Boric acid,18.852061345687975,18.83292519858399,18.852061345687975,18.68550963084712,18.80431142330841,18.92908749132145,19.2853235586687
"Butanal, 2,3,4-tris[(trimethylsilyl)oxy]-, O-methyloxime, [R-(R*,R*)]-",,7.069092399010867,,7.945928239019066,,10.20153771961951,7.513676344322467
Butanedioic acid,27.02680591773259,25.146358600179003,27.31927038955885,26.69762671536238,26.340965177555383,26.797734594643774,25.82955770303861
"Butanoic acid, 2-methyl-3-[(trimethylsilyl)oxy]-",19.67504125804678,,20.120753401201657,19.67504125804678,,20.141901696274363,
"Butanoic acid, 2,4-bis[(trimethylsilyl)oxy]-",4.800901566279711,0.9997539761650648,3.937833048366117,2.387815451593171,6.290750668388143,3.937833048366117,2.110156323817304
Butylated Hydroxytoluene,19.56393091245075,19.08619115789176,19.22452022113705,19.105468487746272,18.869911261855005,19.058882811628965,19.08619115789176
Butylmethylamine,,16.709726396283557,16.794919963946764,,,,17.09923478505566
Butyrovanillone,,17.114183773228714,,,,16.63711902390103,
Cadaverine,3.1640226570575436,,2.7079048719594354,,3.78750854724964,0.9997539761650648,
Campesterol,19.2853235586687,19.310092835187874,18.7042655624214,19.08619115789176,19.67504125804678,18.143837074389328,19.636106587457395
"Carbonic acid, eicosyl vinyl ester ",9.454993044089928,13.011469134353735,16.021468077829528,13.176874231686684,9.970680084595417,13.528209117301172,15.961734109060323
"Carbonic diamide, N,N'-dibutyl-N'-methyl-",,,,16.084896995129284,,,16.021468077829528
Carfentrazone-ethyl,,,2.110156323817304,0.9997539761650648,3.937833048366117,,0.1880983824887291
"Cephalotaxine, 3-deoxy-3,11-epoxy-, (3alpha,11alpha)-",18.055156504109046,,,,,,
"Cetaben, N,O-bis(trimethylsilyl)-",,17.88215541922346,,,,,
"Cholest-22-ene-21-ol, 3,5-dehydro-6-methoxy-, pivalate",,,,,,14.862855710459607,
"Cholest-5-ene, 3-(1-oxobuthoxy)-",,,,7.717641761282999,,8.59654024062566,
"Cholest-7-en-3-ol, (3beta,5alpha)-",12.834100885217344,11.13559230666332,11.828717776324709,12.834100885217344,12.769065585363649,11.49480028335751,
"Cholesta-2,4-diene",,,,,,,
"Cholesta-3,5-dien-7-one",2.7079048719594354,,2.387815451593171,0.9778951007231071,,1.3516626244187164,0.0005024517050135
"Cholesta-3,5-diene ",15.870275691446134,15.269004118948578,15.219588933096055,16.3508671424019,16.386809500506814,15.11527821044979,17.504116102703225
"Cholesterol, pentafluoropropionate",,,,,,,
Cholesterol,18.991881690867665,17.13368947096366,18.533896246321376,18.869911261855005,17.45786157605499,11.788039969790097,17.703418217764124
Cinnamic acid,15.312547505609944,,,12.6112164748792,12.961931449486674,13.065204093676098,
cis-4-Trimethylsilyloxy-cyclohexyl(trimethylsilyl)carboxylate,9.721954700053711,8.148861193684956,10.034935893281702,9.85103396981702,10.034935893281702,10.57014799931089,8.920915483479346
"cis-4,5-Dihydroxy-o-dithiane, 2O-",18.205895429894632,17.7463755867192,17.949139164396534,17.504116102703225,17.781731687079574,17.559826209256997,18.205895429894632
Citric acid,19.74128457161686,19.83768566431123,19.941210036296916,19.664360450204494,19.609109183006655,19.67504125804678,19.609109183006655
Cyclo-(l-leucyl-l-phenylalanyl) ,13.041481057345615,12.769065585363649,12.769065585363649,13.041481057345615,,,12.4163062538247
Cyclo(L-prolyl-L-valine) ,,,,17.703418217764124,,,
cyclobutanecarboxylic acid,18.29854964502514,18.23352297013859,,18.090488562238814,17.991698030770714,17.949139164396534,18.585839387813134
Cyclobutanol,21.64857910640485,,21.54386640326624,23.118306937351633,,,
Cyclohexanol,15.11527821044979,14.465520129018287,14.919725821338377,14.752087772759689,15.010558000816388,15.053920839081297,15.219588933096055
"Cyclohexanone, 3,3,5-trimethyl-",24.227183213247844,23.74789648055234,24.09133707451291,23.671892126966217,24.09133707451291,24.227183213247844,24.29605575603482
"Cyclohexene, 3-butyl-3-methyl-1-trimethylsilyloxy-",15.530700807411732,15.235325209078926,15.312547505609944,15.269004118948578,14.862855710459607,,14.998238088725108
"Cyclohexene, 3,3-dimethyl-1-(trimethylsilyloxy)-",,,,,,,
"Cyclopentaneacetic acid, 3-oxo-2-pentyl-",14.552060430728968,13.59624594915852,13.913914605741516,13.222275426478378,13.913914605741516,13.847040903392992,13.222275426478378
"Cyclopentanone, 2,2,4-trimethyl-",12.24454968061804,9.32247664136034,12.558349168791096,10.73675673592559,13.56765366545952,13.041481057345615,
D-(-)-Citramalic acid,,,,,9.041501334628126,7.513676344322467,7.812667208585688
"D-(-)-Fructofuranose, pentakis",17.651854657144046,18.40070903119467,15.656157307736098,17.625824872495848,17.651854657144046,14.465520129018287,12.558349168791096
"D-(-)-Lyxose, tetrakis",,,,,,,14.943682147641203
"D-(-)-Ribofuranose, tetrakis",18.898415848579702,19.399512994492387,18.668616033382637,19.74128457161686,18.68550963084712,18.80431142330841,20.286589146379004
D-(+)-Glucosamine,,,,,,,9.32247664136034
"D-(+)-Ribono-1,4-lactone (R,S,R)-",7.945928239019066,6.290750668388143,7.241913292561206,8.734500306625334,8.920915483479346,9.24621926897684,3.1640226570575436
"D-(+)-Talofuranose, pentakis",19.399512994492387,19.87729458370319,19.87729458370319,19.87729458370319,18.7042655624214,19.44130522660521,18.40070903119467
"D-(+)-Xylose, tetrakis",,,,,,,
D-Arabinose,15.010558000816388,15.419306692403913,15.235325209078926,15.419306692403913,15.269004118948578,15.346119239103894,13.56765366545952
"D-Erythro-Pentofuranose, 2-deoxy-1,3-bis-O-",22.74862958607471,22.013747765181325,22.74862958607471,22.47529503934578,23.17018669330556,23.344749452115913,22.949530909206754
D-Fructose,9.32247664136034,7.241913292561206,9.32247664136034,7.069092399010867,9.32247664136034,9.85103396981702,6.107075453336219
D-Fucitol,,,,,,,
"D-Isoleucine, N-acetyl-",19.77525197203501,19.609109183006655,19.78682598153676,19.058882811628965,18.92908749132145,18.83292519858399,19.399512994492387
D-Leucylglycylglycine,19.126050932747994,19.586458171962654,19.472135572306875,18.83292519858399,19.058882811628965,19.2853235586687,19.664360450204494
D-Mannose,27.164444458623144,27.39426030303107,27.164444458623144,26.797734594643774,26.69762671536238,28.175537437854928,27.952902679288968
D-Ornithine,,17.924709132579636,,,,,
D-Proline,17.313809412987947,18.017886837314297,,15.141463023107024,,17.144878353273192,8.318873123770363
"D-Psicofuranose, pentakis",23.84100766691344,23.472991186892394,23.472991186892394,23.57691282834654,23.671892126966217,24.29605575603482,23.344749452115913
D-Ribose,14.292486862321748,,,,,,
D-Threitol,14.152255649751382,13.24994391631572,13.748842681339172,13.13060479686099,13.782812412194746,13.748842681339172,13.636023727057657
"D-Xylofuranose, 1,2,3,5-tetrakis-O-",20.32275264482924,14.649709839260863,20.20731930458006,20.63745154616933,20.09036378450744,20.509063964039218,20.63745154616933
Decanoic acid,19.664360450204494,19.472135572306875,19.15908542158428,19.586458171962654,19.636106587457395,19.83768566431123,20.00421859393871
Dehydronorketamine,15.269004118948578,15.530700807411732,,14.228627663907089,15.575160493216268,14.788616304854807,16.386809500506814
Delorazepam,17.88215541922346,19.941210036296916,19.56393091245075,19.914731362294397,20.70652403920698,20.78363624152755,20.55845442615373
Deoxycholic Acid,,,,,12.932390640469553,13.011469134353735,12.524708235523146
Desmosterol,12.524708235523146,12.4163062538247,13.847040903392992,11.828717776324709,12.370355156373494,12.6112164748792,11.828717776324709
Dicyclohexylamine,22.412073845404603,,21.498282881834267,,22.353975239426745,21.79398174680801,21.64857910640485
Dihydrouracil,18.92908749132145,18.80431142330841,19.334680948626016,19.2853235586687,18.83292519858399,19.77525197203501,18.454744987858543
Dimethyl fumarate,13.49829780339586,14.323379159834346,14.649709839260863,14.730320234213943,14.788616304854807,14.815147810338155,15.053920839081297
"Dimethyl hexopyranosiduronate, alpha-D-",21.28268807995203,21.7341905365644,20.865055677664852,21.333615046969303,20.63745154616933,21.7341905365644,19.77525197203501
Dinoseb ,9.970680084595417,7.717641761282999,9.24621926897684,9.454993044089928,10.42475804256084,10.28845455717655,9.970680084595417
Diphenyl ether,15.093810561419048,14.730320234213943,14.788616304854807,14.862855710459607,15.053920839081297,14.919725821338377,15.346119239103894
DL-Glyceraldehyde,8.318873123770363,6.107075453336219,7.717641761282999,8.59654024062566,8.734500306625334,7.812667208585688,7.717641761282999
DL-Ornithine,17.230369448830665,17.949139164396534,18.3690399630794,17.344185455546032,,17.504116102703225,18.23352297013859
DL-Phenylalanine,27.39426030303107,28.069854863513513,27.952902679288968,27.39426030303107,27.77729064626905,27.845279225594787,27.655940163630305
"DL-Proline, 5-oxo-",18.3690399630794,16.21186793109647,,17.313809412987947,17.04383956035372,19.22452022113705,
Dobutamine,17.991698030770714,17.651854657144046,17.924709132579636,,17.7463755867192,16.877527856843194,18.25980209766973
Doconexent,24.09133707451291,25.82955770303861,25.494750007681677,25.733886070721343,25.89239069626887,26.063297596140337,26.159228930846336
Docosyl octyl ether,20.244443236432396,18.92908749132145,,18.7042655624214,20.00421859393871,17.313809412987947,16.421620061298835
Dodecanamide,,,,,,,
"Dodecanamide, N-(2-hydroxyethyl)-",20.141901696274363,20.76435026481112,19.200219246737284,20.17005071405279,21.216451053800142,20.352665999161427,21.94867132520068
"Dodecane, 4,6-dimethyl-",17.81089621584801,16.46077687042295,7.069092399010867,16.525875643391053,20.352665999161427,17.45786157605499,13.42986339642818
"Dodecanoic acid, 1-methylethyl ester",,11.5631304854104,,2.7079048719594354,13.748842681339172,,13.891168148120864
Dodecanoic acid,18.533896246321376,18.479534448661955,18.46109878689679,18.40070903119467,18.40070903119467,18.585839387813134,18.727817380886396
Dodecylcyclohexane,21.582656213275698,21.448148921534607,21.41612391182991,21.41612391182991,21.448148921534607,21.582656213275698,21.54386640326624
Dopamine,,21.60303716762508,21.38730319946166,,,21.15716649190108,
Ecgonine,,,,,,,
Eicosapentaenoic acid,,,,,,,
Erythritol,22.65931446793839,22.65931446793839,23.010471096813916,22.796146442761906,22.47529503934578,23.010471096813916,22.066351243822965
"Erythrono-1,4-lactone, (Z)-",17.344185455546032,17.344185455546032,17.53836835865675,16.962575204684594,16.877527856843194,16.488906932731677,17.114183773228714
"Ethanamine, N,N-diethyl-2,2-dimethyl-2-[(3,5-dimethoxy)phenyl]-",,,,,,,
"Ethanol, 2-(9-octadecenyloxy)-",10.20153771961951,14.152255649751382,9.721954700053711,,,12.24454968061804,14.430528344948982
Ethanolamine,27.77729064626905,27.952902679288968,27.845279225594787,28.069854863513513,27.845279225594787,27.702265648031005,27.39426030303107
"Ethanone, 1-(2,5-dimethoxyphenyl)-",18.958301595420423,18.68550963084712,19.399512994492387,,18.958301595420423,19.664360450204494,19.105468487746272
"Ethanone, 1-(5-methoxy-2-methyl-3(1H)-indolyl)-",13.748842681339172,12.834100885217344,13.461033530624888,13.748842681339172,13.96924170981863,12.4163062538247,13.24994391631572
Ethyl alpha-D-glucopyranoside,12.042568691501256,10.96388569258036,3.78750854724964,11.911866062888055,12.107057376568145,12.370355156373494,10.28845455717655
Ethyl cis-2-trimethylsilyl-cyclopropane-1-carboxylate,23.118306937351633,20.17005071405279,21.216451053800142,,20.43287181359031,23.063208481130555,23.010471096813916
Fenitrothion,23.472991186892394,21.582656213275698,21.862591332577495,21.81796830493706,21.862591332577495,22.224114931972963,23.84100766691344
"Furan-2-carboxaldehyde, 5-(1-piperidyl)-",,,,,,,
"Furan, 2-pentyl-",16.66661965779107,15.944278021874974,15.944278021874974,15.8994481652192,15.944278021874974,15.82850657642506,16.13518381011161
Galactopyranose,16.822667098575153,17.81089621584801,14.730320234213943,16.822667098575153,17.559826209256997,17.991698030770714,17.88215541922346
Gln-Ala,9.85103396981702,7.812667208585688,9.041501334628126,9.24621926897684,9.721954700053711,8.920915483479346,8.148861193684956
Glucopyranose,12.143927090125931,12.961931449486674,14.815147810338155,13.891168148120864,12.558349168791096,12.483235929365758,12.24454968061804
Glucose,16.021468077829528,16.66661965779107,16.709726396283557,15.944278021874974,16.421620061298835,16.76200136715396,16.084896995129284
Glyceric acid,13.176874231686684,13.528209117301172,13.675307306116846,13.59624594915852,13.71682792615412,14.059922412209753,12.794082492270237
Glycine,26.063297596140337,25.89239069626887,26.52855520854456,26.063297596140337,26.797734594643774,27.31927038955885,27.02680591773259
"Glycine, N-(1-oxobutyl)-",19.83768566431123,20.93520637827217,20.06752661923205,20.865055677664852,18.898415848579702,19.472135572306875,18.991881690867665
"Glycine, N-(N-DL-leucylglycyl)-",18.668616033382637,18.727817380886396,18.68550963084712,18.3690399630794,19.08619115789176,18.77420476069013,19.020461548308315
"Glycine, N-[4-[(trimethylsilyl)oxy]benzoyl]-",,,13.71682792615412,,12.794082492270237,,13.96924170981863
Glycolic acid,24.881535840300593,24.635610917928208,25.218309232044735,24.726713982736264,24.545543010854185,25.09007350960237,24.420842682655486
Glycyl-l-glutamine,,,,18.017886837314297,,,
Glyoxime,16.525875643391053,16.084896995129284,15.8994481652192,,15.994603030384754,16.084896995129284,
Guanabenz,27.56535684698739,27.31927038955885,27.39426030303107,27.655940163630305,27.39426030303107,27.655940163630305,27.56535684698739
"Guanidine, N,N-dimethyl-",25.89239069626887,25.733886070721343,26.340965177555383,25.310299337214335,25.733886070721343,26.340965177555383,25.89239069626887
"Gulonic acid, gamma-lactone",,,17.88215541922346,,,,
Heptadecanoic acid,22.013747765181325,21.862591332577495,22.013747765181325,22.013747765181325,22.066351243822965,22.440816535715413,22.440816535715413
Heptanoic acid,19.472135572306875,19.2853235586687,19.08619115789176,19.310092835187874,19.399512994492387,19.502760599128187,
Hexanedioic acid,17.53836835865675,17.192537339856393,17.371018503916922,17.192537339856393,16.3508671424019,,17.344185455546032
Hexanoic acid,24.726713982736264,24.29605575603482,24.545543010854185,24.29605575603482,24.810399513119197,24.881535840300593,24.810399513119197
Hexanoylglycine,12.932390640469553,14.348494531067534,12.6112164748792,13.782812412194746,12.462841640750415,11.201351236215332,11.911866062888055
Hippuric acid,21.41612391182991,20.865055677664852,20.43287181359031,21.94867132520068,21.333615046969303,20.865055677664852,21.38730319946166
Homocysteine thiolactone,,,15.075807424027357,15.11527821044979,,,
Hydantoic acid,11.828717776324709,10.42475804256084,11.613792463879406,11.387260509418123,10.28845455717655,12.042568691501256,
Hydracrylic acid,20.93520637827217,20.509063964039218,20.55845442615373,20.78363624152755,20.06752661923205,20.95862660182026,20.20731930458006
Hydroquinidine,15.8994481652192,17.144878353273192,17.81089621584801,14.815147810338155,14.943682147641203,17.192537339856393,15.075807424027357
Hydroquinone,,15.053920839081297,17.13368947096366,16.794919963946764,,15.961734109060323,17.13368947096366
Indole-3-carboxaldehyde,13.24994391631572,,,,13.011469134353735,,13.011469134353735
Indole-3-lactic acid,12.107057376568145,12.24454968061804,12.042568691501256,12.483235929365758,13.636023727057657,13.59624594915852,12.769065585363649
Indole-5-carboxylic acid,10.96388569258036,9.24621926897684,,10.51436035728076,11.07113209344141,,10.57014799931089
"Inosose-2, 1,3,4,5,6-pentakis-",16.566438106796436,16.182276188483552,16.421620061298835,16.05146968711222,16.29914497976637,15.944278021874974,16.3508671424019
Isofucosterol,10.034935893281702,7.945928239019066,8.920915483479346,9.041501334628126,10.73675673592559,9.041501334628126,9.454993044089928
Isonicotinic Acid,18.143837074389328,18.106264493901307,20.286589146379004,20.141901696274363,21.38730319946166,21.448148921534607,21.498282881834267
Isopropyl palmitate,11.720535719767971,10.034935893281702,11.040828388455358,11.07113209344141,11.5631304854104,11.720535719767971,11.07113209344141
"Isoquinoline, 3,4-dihydro-6,7-dimethoxy-1-[4-hydroxybenzyl]-",15.944278021874974,15.075807424027357,15.575160493216268,15.530700807411732,15.419306692403913,15.446974421544343,
Isoxaben,,9.041501334628126,,12.769065585363649,10.830170291089612,11.13559230666332,10.42475804256084
Itaconic acid,13.71682792615412,13.13060479686099,13.636023727057657,13.71682792615412,17.09923478505566,14.323379159834346,14.013071079834884
Ketamine ,30.579662601983937,30.579662601983937,30.579662601983937,30.579662601983937,30.579662601983937,30.579662601983937,30.579662601983937
L-(+)-Threose,,,,,,,
L-5-Oxoproline,15.792674009199834,15.346119239103894,15.686937837411056,15.312547505609944,15.219588933096055,15.380862844489004,15.47565088487921
L-Alanine,27.655940163630305,27.655940163630305,28.872137288496553,27.952902679288968,27.88994750306148,26.69762671536238,25.310299337214335
L-Asparagine,19.586458171962654,18.852061345687975,,19.472135572306875,19.22452022113705,,18.7042655624214
L-Aspartic acid,21.81796830493706,20.70652403920698,22.10541450010242,21.15716649190108,21.81796830493706,21.64857910640485,21.905338353766723
L-Citrulline,,,,,,,
L-Cysteine,20.865055677664852,20.286589146379004,20.17005071405279,20.286589146379004,20.244443236432396,20.32275264482924,20.476145489994597
L-Glutamic acid,21.79398174680801,21.107926350012935,22.066351243822965,21.60303716762508,21.15716649190108,21.107926350012935,21.7341905365644
L-Glutamine,19.87729458370319,19.74128457161686,19.586458171962654,20.20731930458006,18.166921347306214,19.87729458370319,19.941210036296916
l-Histidine ethyl ester,28.069854863513513,27.02680591773259,27.88994750306148,27.702265648031005,28.175537437854928,28.069854863513513,28.069854863513513
L-Hydroxyproline,15.961734109060323,16.3508671424019,15.530700807411732,,,16.386809500506814,16.822667098575153
L-Isoleucine,26.52855520854456,28.44829764163176,27.702265648031005,27.31927038955885,23.84100766691344,26.159228930846336,24.545543010854185
L-Leucine,33.564786967174925,33.564786967174925,33.564786967174925,33.564786967174925,33.564786967174925,33.564786967174925,33.564786967174925
L-Lysine,28.175537437854928,27.702265648031005,27.77729064626905,27.77729064626905,27.702265648031005,27.77729064626905,27.77729064626905
"L-Lysine, ethyl ester ",,,,,,,
L-Methionine,22.353975239426745,21.6966345902473,22.720350354123173,21.54386640326624,21.7341905365644,21.216451053800142,22.598393862165658
L-Norleucine,,,,,,,
L-Ornithine,20.352665999161427,19.711499117016334,20.00421859393871,19.77525197203501,19.56393091245075,19.711499117016334,20.17005071405279
L-Proline,27.952902679288968,27.88994750306148,28.27615069834751,28.27615069834751,28.069854863513513,,27.88994750306148
L-Threitol,11.613792463879406,10.51436035728076,11.07113209344141,11.040828388455358,10.96388569258036,10.73675673592559,10.20153771961951
L-Threonine,,,,,22.440816535715413,22.56359367504689,20.93520637827217
L-Tryptophan,28.44829764163176,29.238352072002733,29.238352072002733,30.061915978081107,30.061915978081107,30.061915978081107,29.61947145856268
"L-Tryptophan, N-acetyl-1",15.724511716263482,16.05146968711222,16.614519193130647,16.488906932731677,16.962575204684594,16.525875643391053,16.995291158035354
L-Valine,28.27615069834751,26.797734594643774,,,,24.09133707451291,24.09133707451291
Lactic Acid,,14.862855710459607,23.935065827114933,,24.420842682655486,24.545543010854185,
Latanoprost lactone diol,,17.077149231864347,17.114183773228714,16.995291158035354,,17.230369448830665,
Leucylglycine,,,,,,,
Levulinic acid,18.77420476069013,18.421033656005825,18.479534448661955,18.333929933738744,18.479534448661955,18.958301595420423,18.92908749132145
Luteolin ,22.56359367504689,20.244443236432396,22.840986177020948,17.077149231864347,22.949530909206754,,22.353975239426745
Malic acid,16.995291158035354,16.822667098575153,18.40070903119467,17.144878353273192,16.794919963946764,16.822667098575153,16.46077687042295
meso-Erythritol,23.935065827114933,25.649318009768667,26.159228930846336,25.82955770303861,24.031064574266015,,25.649318009768667
Metanephrine,,,,,,11.970486105156455,
"Methanone, [1-(4-chloropentyl)-1H-indol-3-yl](2,2,3,3-tetramethylcyclopropyl)-",,,,,,,
"Methanone, [1-(5-chloropentyl)-1H-indol-3-yl](4-methyl-1-naphthalenyl)-",,0.3664384030384452,,,,,0.9778951007231071
"Methyl (3,4-dimethoxyphenyl)(hydroxy)acetate",26.93533286407581,26.52855520854456,26.69762671536238,27.164444458623144,24.29605575603482,26.93533286407581,27.31927038955885
"Methyl 2,4-dihydroxybenzoate",,,,,,,
Methyl alpha-Lyxofuranoside,17.144878353273192,18.055156504109046,16.929851167408263,,17.230369448830665,16.614519193130647,17.949139164396534
Methyl aminoacetate,11.07113209344141,9.721954700053711,10.57014799931089,10.830170291089612,11.13559230666332,10.96388569258036,10.830170291089612
"Methyl galactoside (1R,2S,3S,4R,5R)-",,,,,9.24621926897684,,
Methyl isovanillate,,14.788616304854807,16.525875643391053,14.348494531067534,14.998238088725108,15.219588933096055,16.05146968711222
Methyl leucinate,,,,,,,
Methyl-3-methoxy-5-methyl benzoate,,1.3516626244187164,4.800901566279711,2.110156323817304,5.811666046214308,2.7079048719594354,1.3516626244187164
Methylmalonic monoamide,10.42475804256084,,9.85103396981702,10.42475804256084,10.66026672723754,11.040828388455358,9.24621926897684
Methylsuccinic acid,,,,3.78750854724964,,4.800901566279711,
Mirin,,,14.465520129018287,15.994603030384754,,,
Mitoxantrone,,,,,,,
"Morpholine, 4-(2,6-dimethoxybenzoyl)-2,6-dimethyl-",,,,,,,
"Morpholine, 4-[2,3,4,6-tetrakis-O-(trimethylsilyl)-alpha-d-mannopyranosyl]-",,17.424012195622726,,17.424012195622726,17.13368947096366,,
Myristic acid,25.310299337214335,24.726713982736264,25.09007350960237,24.881535840300593,25.02818539784267,25.310299337214335,25.09007350960237
"N-(Trifluoroacetyl)-N,O,O'-tris(trimethylsilyl)normetanephrine",9.041501334628126,,10.20153771961951,,,10.42475804256084,5.594142138211759
N-(Trimethylsilyl)hexanamide,,,21.15716649190108,21.28268807995203,20.865055677664852,21.38730319946166,21.41612391182991
N-Acetyl-D-galactosamine,20.78363624152755,,,,,,
N-Acetyl-L-glutamic acid,16.76200136715396,16.488906932731677,16.3508671424019,16.421620061298835,16.488906932731677,16.46077687042295,17.192537339856393
N-Acetyl-L-phenylalanine,,,,,,,
N-Acetyltyrosine,12.483235929365758,14.998238088725108,,15.075807424027357,,,
N-alpha-Acetyl-L-Lysine,16.05146968711222,15.312547505609944,16.084896995129284,,16.13518381011161,15.766068583211416,15.944278021874974
n-Butylamine,19.22452022113705,18.898415848579702,18.898415848579702,18.991881690867665,19.020461548308315,19.105468487746272,19.310092835187874
"N-isobutyl-2-(trimethylsilyloxy]-4,5-dihydro-1H-imidazole-1-carboxamide",,15.18476109763377,,13.96924170981863,,15.47565088487921,15.010558000816388
N-Isobutyl-sec-butylamine,21.030106292306463,,20.476145489994597,20.70652403920698,20.476145489994597,,20.865055677664852
N-Isobutyrylglycine,,,,,16.822667098575153,,
N-Isovaleroylglycine,14.490401175879212,13.42986339642818,14.253764611583724,14.465520129018287,14.253764611583724,14.228627663907089,13.913914605741516
N-Methyl-N-(tetrahydro-2-furanylmethyl)-4-piperidinamine,6.107075453336219,2.7079048719594354,5.393181344081152,5.811666046214308,,5.393181344081152,3.937833048366117
n-Pentadecanol,15.994603030384754,14.228627663907089,16.566438106796436,,17.504116102703225,15.530700807411732,14.788616304854807
N-Valerylglycine,14.228627663907089,14.919725821338377,14.490401175879212,15.346119239103894,,12.143927090125931,13.528209117301172
"N,9-bis(Trimethylsilyl)-6-[(trimethylsilyl)oxy]-9H-purin-2-amine",,,16.24231347994667,15.47565088487921,15.604345428155083,15.093810561419048,15.8994481652192
"N,N-Diethyl-2-aminoethanol",14.815147810338155,13.847040903392992,14.152255649751382,14.323379159834346,14.694164427312009,14.552060430728968,14.919725821338377
"N,N-Dimethyl-2-cyclohexyloxyethylamine",20.120753401201657,19.502760599128187,19.636106587457395,20.43287181359031,19.200219246737284,19.586458171962654,19.67504125804678
"N,N'-Bis(trimethylsilyl)trifluoroacetamidine",,,,,,,
"N,O-Bis(trimethylsilyl)carbamate",11.49480028335751,10.66026672723754,11.5631304854104,,12.6112164748792,11.276150803799354,
Naphthofluorescein,20.17005071405279,21.41612391182991,,,,21.905338353766723,
Neostigmine ,15.346119239103894,14.490401175879212,14.943682147641203,14.694164427312009,15.093810561419048,15.141463023107024,15.235325209078926
Niacin,18.23352297013859,18.090488562238814,18.143837074389328,18.055156504109046,18.454744987858543,18.106264493901307,18.83292519858399
Niacinamide,25.494750007681677,25.310299337214335,25.649318009768667,25.146358600179003,25.09007350960237,25.02818539784267,25.494750007681677
Niclosamide,14.919725821338377,14.059922412209753,14.694164427312009,14.788616304854807,15.792674009199834,15.994603030384754,15.994603030384754
Nitrosothymol,,,,,,13.42986339642818,
Nonadecanoic acid,,11.07113209344141,11.720535719767971,11.788039969790097,12.483235929365758,,12.042568691501256
Nonanal,15.604345428155083,15.010558000816388,15.053920839081297,15.053920839081297,15.235325209078926,15.269004118948578,15.312547505609944
Nonanoic acid,,14.253764611583724,14.552060430728968,14.552060430728968,7.945928239019066,8.148861193684956,
Norketamine,28.576111494691126,28.69205932343602,28.44829764163176,28.576111494691126,28.44829764163176,28.44829764163176,28.69205932343602
"O-Methyl-N,N'-diisopropylisourea ",,,,,,,30.061915978081107
Oct-1-en-3-ol,,,,,,19.310092835187874,
"Octadecanamide, N-(2-methylpropyl)-N-nitroso-",,,11.201351236215332,,,,12.961931449486674
Octan-2-yl palmitate,,22.10541450010242,,21.79398174680801,21.94867132520068,21.81796830493706,22.10541450010242
"Octanamide, N-(2-hydroxyethyl)-",,,,,,,
"Octane, 1-propoxy-",11.5631304854104,11.387260509418123,10.51436035728076,11.970486105156455,13.041481057345615,12.880164910244089,12.370355156373494
Octanoic acid,21.15716649190108,20.63745154616933,20.32275264482924,20.76435026481112,20.55845442615373,21.030106292306463,21.030106292306463
Octocrylene,14.059922412209753,13.222275426478378,11.970486105156455,,14.228627663907089,,14.253764611583724
Octopamine,25.218309232044735,26.340965177555383,,27.56535684698739,27.164444458623144,,26.93533286407581
Ornithine,,,,26.52855520854456,,,
Oxalic acid,19.824517331301767,19.636106587457395,19.77525197203501,19.78682598153676,19.83768566431123,19.74128457161686,20.32275264482924
"Oxalic acid, allyl octyl ester",,,,,,,
p-Hydroxydiisopropylbenzene,20.20731930458006,19.77525197203501,19.824517331301767,19.890260881943004,19.941210036296916,20.09036378450744,19.200219246737284
p-Toluic acid,8.920915483479346,6.726464603152869,8.318873123770363,8.920915483479346,,7.241913292561206,7.945928239019066
Palmitelaidic acid,22.840986177020948,23.935065827114933,22.440816535715413,23.063208481130555,23.74789648055234,23.26863866572335,23.74789648055234
Palmitic Acid,21.448148921534607,23.063208481130555,20.76435026481112,17.559826209256997,23.411235705650597,16.05146968711222,18.143837074389328
Pantolactone,17.371018503916922,17.313809412987947,17.45786157605499,17.13368947096366,17.371018503916922,17.273225108725565,17.7463755867192
Pantothenic acid ,,,,,,,23.411235705650597
Pentacosanoic acid,,,,,,,
Pentadecanoic acid,,21.79398174680801,21.81796830493706,,22.013747765181325,22.281792559081644,22.193443929123895
"Pentanedioic acid, 2-[(trimethylsilyl)oxy]-",,,,,,,
"Pentanedioic acid, 2,4-bis[(trimethylsilyl)oxy]",,8.734500306625334,8.59654024062566,6.290750668388143,,,
"Pentanedioic acid, 3-methyl-3-[(trimethylsilyl)oxy]-",8.734500306625334,5.811666046214308,8.148861193684956,8.318873123770363,8.59654024062566,8.318873123770363,6.726464603152869
Pentanoic acid,17.703418217764124,16.63711902390103,17.077149231864347,16.63711902390103,16.76200136715396,16.21186793109647,16.794919963946764
"Pentenoic acid, 4-[(trimethylsilyl)oxy]-",14.649709839260863,14.013071079834884,14.292486862321748,13.065204093676098,14.430528344948982,14.430528344948982,14.730320234213943
Pentylone,12.769065585363649,,,,,,
Petroselinic acid,,,,,,,
Phenanthridin-6-ol ,,,,,,,
"Phenol, 3,5-bis(1,1-dimethylethyl)-",,,,,,19.126050932747994,17.273225108725565
Phenol,18.7042655624214,18.333929933738744,18.507257630888887,18.205895429894632,18.333929933738744,18.23352297013859,18.668616033382637
Phenoxyacetic acid,16.182276188483552,15.792674009199834,15.870275691446134,15.82850657642506,15.961734109060323,15.870275691446134,16.24231347994667
phenoxyethanol,19.020461548308315,18.958301595420423,18.92908749132145,18.77420476069013,18.852061345687975,18.869911261855005,19.15908542158428
Phenylalanine,29.07399956064662,29.07399956064662,29.07399956064662,29.07399956064662,28.872137288496553,29.07399956064662,28.576111494691126
Phenylpropanolamine,27.845279225594787,28.175537437854928,28.576111494691126,24.545543010854185,28.576111494691126,28.872137288496553,28.44829764163176
Phlorizin,14.253764611583724,,,13.847040903392992,,,14.465520129018287
Phloroglucinol,16.084896995129284,15.686937837411056,15.792674009199834,15.575160493216268,16.021468077829528,15.792674009199834,16.21186793109647
Phosalone,18.40070903119467,18.507257630888887,18.80431142330841,17.949139164396534,17.703418217764124,17.077149231864347,17.781731687079574
Phthalazin-1-one,,,,,,,
Picolinic acid,20.70652403920698,20.06752661923205,18.83292519858399,20.352665999161427,20.286589146379004,20.55845442615373,20.78363624152755
Pimelic acid,,12.107057376568145,,13.011469134353735,12.670912522360265,13.461033530624888,13.13060479686099
Pipecolic acid,25.09007350960237,25.09007350960237,25.733886070721343,24.09133707451291,23.063208481130555,23.935065827114933,23.17018669330556
"Piperidine, 1-(1-methylpentyl)-",,,,,,21.60303716762508,
"Pregn-16-en-20-one, 3,18-bis(acetyloxy)-14,15-epoxy-, (3beta,5alpha,14beta,15beta)-",16.3508671424019,21.81796830493706,21.6966345902473,21.64857910640485,21.64857910640485,21.94867132520068,20.244443236432396
"Propanetriol, 2-methyl-",12.462841640750415,11.276150803799354,11.911866062888055,11.613792463879406,12.725160801754702,12.558349168791096,12.107057376568145
"Propanoic acid, 2-methyl-",19.310092835187874,19.105468487746272,19.058882811628965,19.25737478976485,19.126050932747994,19.200219246737284,19.44130522660521
"Propanoic acid, 2-oxo-",19.711499117016334,,19.74128457161686,,,,19.890260881943004
"Propiophenone, 3',4'-dimethoxy-",17.273225108725565,16.962575204684594,11.788039969790097,,,,
Propylamine,11.911866062888055,10.57014799931089,11.387260509418123,11.276150803799354,11.788039969790097,11.911866062888055,11.040828388455358
"Pyrazine, 3,6-dihydro-3,6-dimethyl-",,,,,,,
"Pyrazine, 3,6-dimethyl-2,5-bis(trimethylsilyloxy)-",18.80431142330841,19.664360450204494,18.454744987858543,18.143837074389328,,,18.333929933738744
"Pyrimidine, 5-methyl-2,4-bis[(trimethylsilyl)oxy]-",14.730320234213943,14.694164427312009,15.18476109763377,13.913914605741516,14.013071079834884,14.649709839260863,14.059922412209753
Pyroglutamic acid,,25.494750007681677,25.89239069626887,,23.344749452115913,25.218309232044735,23.57691282834654
Pyrrole-2-carboxylic acid,27.88994750306148,27.845279225594787,27.56535684698739,28.175537437854928,27.56535684698739,27.952902679288968,27.845279225594787
"Pyrrolo[1,2-a]pyrazine-1,4-dione, hexahydro-3-(2-methylpropyl)",,,,,,17.651854657144046,
"Pyrrolo[1,2-a]pyrazine-3-propanamide, 2,3,6,7,8,8a-hexahydro-1,4-dioxo-",,,,,,,
Quazodine,,,,27.845279225594787,,25.494750007681677,
"Quinolin-4-one, 1-[2-(3,4-dimethoxyphenyl)ethyl]-octahydro-",21.862591332577495,21.54386640326624,21.582656213275698,20.32275264482924,20.141901696274363,19.56393091245075,19.914731362294397
"Quinoline, 2,4-dimethyl-",,,,,,,
Ribitol,11.13559230666332,,10.66026672723754,,10.87206173492296,,9.85103396981702
"Ribonic acid, 2,3,4,5-tetrakis-",24.031064574266015,26.159228930846336,23.671892126966217,25.494750007681677,24.881535840300593,,16.63711902390103
S-Methyl-L-cysteine,16.709726396283557,15.994603030384754,16.13518381011161,16.021468077829528,16.24231347994667,16.021468077829528,16.614519193130647
Salsoline,16.46077687042295,15.604345428155083,15.82850657642506,15.792674009199834,16.21186793109647,15.8994481652192,16.566438106796436
Sedoheptulose anhydride,,,,,26.93533286407581,,
Ser-Leu,21.60303716762508,21.38730319946166,20.93520637827217,21.448148921534607,20.95862660182026,21.41612391182991,21.333615046969303
Serine,,,,,29.238352072002733,,28.872137288496553
Sertraline carbamoyl glucuronide,6.290750668388143,,,4.800901566279711,,5.594142138211759,2.387815451593171
Sinomenin,,,,,,,
"Spiro[cyclopenta[d]-1,3,2-dioxaborin-4(5H),1'-cyclopentane], 2-ethyl-6,7-dihydro-",19.25737478976485,18.869911261855005,18.727817380886396,19.15908542158428,18.727817380886396,19.334680948626016,19.586458171962654
Spironolactone,10.830170291089612,,,,,,
Stearic acid,26.159228930846336,15.961734109060323,20.09036378450744,,18.25980209766973,20.476145489994597,26.797734594643774
"Stigmast-5-ene, 3beta-",11.970486105156455,10.87206173492296,10.96388569258036,11.201351236215332,12.4163062538247,10.51436035728076,11.5631304854104
Suberic acid,12.880164910244089,11.613792463879406,12.483235929365758,12.462841640750415,12.042568691501256,13.782812412194746,13.461033530624888
Succinic anhydride,20.00421859393871,19.67504125804678,19.711499117016334,18.852061345687975,20.32275264482924,18.991881690867665,19.22452022113705
Supraene,13.636023727057657,12.143927090125931,12.4163062538247,,13.461033530624888,13.374205489946444,13.59624594915852
Syringaldehyde,27.702265648031005,27.77729064626905,27.655940163630305,27.88994750306148,27.655940163630305,27.88994750306148,27.702265648031005
"Tacrine, N-trimethylsilyl-",13.675307306116846,,14.059922412209753,14.998238088725108,14.752087772759689,15.686937837411056,15.18476109763377
"Talonic acid, gamma-lactone",,,,,,,
Tartronic acid,11.040828388455358,8.920915483479346,11.13559230666332,10.57014799931089,11.720535719767971,10.66026672723754,10.51436035728076
Tetradecanenitrile,,,,22.281792559081644,,,
"Thiazolo[4,5-f]quinoline, 2,9-dimethyl-",18.83292519858399,18.65252037897206,18.65252037897206,18.727817380886396,18.533896246321376,18.727817380886396,18.958301595420423
Thymidine,,,,,,,
"Thymine, 1,3-dimethyl-6-(trimethylsilyloxymethyl)-",,,12.370355156373494,,13.065204093676098,,
Tributyl acetylcitrate,18.333929933738744,18.668616033382637,18.29854964502514,18.29854964502514,18.23352297013859,19.08619115789176,18.166921347306214
Tricine,,27.164444458623144,,,,,
Triethanolamine,10.28845455717655,7.513676344322467,8.734500306625334,9.32247664136034,9.85103396981702,9.454993044089928,8.59654024062566
"Trimethylsilyl (5-benzyl-3,6-dioxopiperazin-2-yl)acetate",,,,,,,
Trimethylsilyl 3-((trimethylsilyl)thio)propanoate,14.430528344948982,14.292486862321748,12.932390640469553,13.42986339642818,14.730320234213943,14.490401175879212,15.093810561419048
Trimethylsilyl oct-2-enoate ,22.47529503934578,22.281792559081644,21.905338353766723,22.10541450010242,22.720350354123173,22.013747765181325,23.26863866572335
Trimidox,20.286589146379004,19.56393091245075,18.869911261855005,18.23352297013859,,18.507257630888887,
Tris(trimethylsilyl)carbamate,27.31927038955885,26.69762671536238,27.02680591773259,27.02680591773259,27.02680591773259,27.39426030303107,27.164444458623144
Trisaminol,16.794919963946764,16.566438106796436,16.66661965779107,16.46077687042295,15.8994481652192,16.29914497976637,16.488906932731677
L-Tyrosine,19.636106587457395,19.334680948626016,19.502760599128187,19.56393091245075,19.586458171962654,19.636106587457395,19.83768566431123
Undecanedioic acid,,,,,,,
Uracil,23.17018669330556,23.344749452115913,23.74789648055234,23.26863866572335,22.598393862165658,23.17018669330556,21.582656213275698
Urea,24.810399513119197,24.881535840300593,25.82955770303861,24.227183213247844,26.159228930846336,24.810399513119197,25.02818539784267
Uridine,13.56765366545952,13.56765366545952,13.96924170981863,13.374205489946444,13.13060479686099,13.71682792615412,11.276150803799354
Valylglycine,22.193443929123895,22.193443929123895,22.193443929123895,22.14287226674363,22.10541450010242,22.412073845404603,22.47529503934578
Vanillylmandelic acid,,,,,13.42986339642818,,13.71682792615412
Xylazine,23.010471096813916,22.56359367504689,23.17018669330556,23.010471096813916,22.412073845404603,23.57691282834654,22.412073845404603
Xylitol,23.671892126966217,23.17018669330556,23.344749452115913,22.840986177020948,23.26863866572335,23.411235705650597,23.063208481130555
"Xylonic acid, 2,3,4-tris-O-(trimethylsilyl)-, delta-lactone",,,,,,,
Xylose,13.374205489946444,13.374205489946444,,,,13.913914605741516,12.880164910244089
